# Blender v2.71 (sub 0) OBJ File: 'HAL Tejas.blend'
# www.blender.org
mtllib HAL Tejas.mtl
o Tejas_Cylinder.000
v 0.008960 0.429851 -3.157933
v -0.128486 0.478545 -1.300862
v -0.145708 0.429851 -3.157933
v -0.087923 1.753841 -2.919963
v -0.085394 1.699060 -3.407494
v -0.008262 0.478545 -1.300862
v -0.048825 1.753841 -2.919963
v -0.051354 1.699060 -3.407494
v 0.105403 0.320794 1.732008
v 0.105403 0.336384 -2.394467
v 0.105403 0.121118 1.732008
v 0.105403 0.121118 -2.394467
v 0.105403 0.280432 -2.783010
v 0.105403 0.237750 -2.783010
v 0.105403 0.355740 -1.807921
v 0.105403 0.121118 -1.807921
v 0.553194 0.254142 1.424080
v 0.450659 0.321206 -2.394467
v 0.594438 0.176249 1.424080
v 0.424340 0.174510 -2.394467
v 0.387949 0.263515 -2.783010
v 0.400852 0.251977 -2.783010
v 0.553194 0.254142 -1.807921
v 0.594438 0.176249 -1.807921
v 1.073936 0.135551 0.826282
v 2.442211 0.026718 -2.293429
v 1.041727 0.047348 0.826282
v 2.403078 0.026718 -2.293429
v 2.517407 0.073678 -1.807921
v 2.445328 0.026718 -1.807921
v -0.242151 0.320794 1.732008
v -0.242151 0.336384 -2.394467
v -0.242151 0.121118 1.732008
v -0.242151 0.121118 -2.394467
v -0.242151 0.280432 -2.783010
v -0.242151 0.237750 -2.783010
v -0.242151 0.355740 -1.807921
v -0.242151 0.121118 -1.807921
v -0.689943 0.254142 1.424080
v -0.587408 0.321206 -2.394467
v -0.731187 0.176249 1.424080
v -0.561089 0.174510 -2.394467
v -0.524698 0.263515 -2.783010
v -0.537600 0.251977 -2.783010
v -0.689943 0.254142 -1.807921
v -0.731187 0.176249 -1.807921
v -1.210685 0.135551 0.826282
v -2.578959 0.026718 -2.293429
v -1.178476 0.047348 0.826282
v -2.539826 0.026718 -2.293429
v -2.654155 0.073678 -1.807921
v -2.582077 0.026718 -1.807921
v 1.980090 -0.194452 -1.209606
v 1.980090 -0.178081 -1.909998
v 2.019815 -0.178081 -1.909998
v 2.019815 -0.194452 -1.209606
v 1.980090 0.065564 -1.207748
v 1.980090 0.081935 -1.908140
v 2.019815 0.081935 -1.908140
v 2.019815 0.065564 -1.207748
v 2.006580 -0.181082 -2.083853
v 2.006580 -0.181082 -0.333449
v 2.031361 -0.187722 -2.083853
v 2.031361 -0.187722 -0.333449
v 2.049502 -0.205863 -2.083854
v 2.049502 -0.205863 -0.333449
v 2.056141 -0.230643 -2.083854
v 2.056141 -0.230643 -0.333449
v 2.049502 -0.255424 -2.083854
v 2.049502 -0.255424 -0.333449
v 2.031361 -0.273565 -2.083854
v 2.031361 -0.273565 -0.333449
v 2.006580 -0.280205 -2.083854
v 2.006580 -0.280205 -0.333449
v 1.981799 -0.273565 -2.083854
v 1.981799 -0.273565 -0.333449
v 1.963659 -0.255424 -2.083854
v 1.963659 -0.255424 -0.333449
v 1.957019 -0.230643 -2.083854
v 1.957019 -0.230643 -0.333449
v 1.963659 -0.205863 -2.083854
v 1.963659 -0.205863 -0.333449
v 1.981799 -0.187722 -2.083853
v 1.981799 -0.187722 -0.333449
v 2.006580 -0.202147 -0.232689
v 2.020828 -0.205965 -0.232689
v 2.031259 -0.216395 -0.232689
v 2.035077 -0.230643 -0.232690
v 2.031259 -0.244892 -0.232690
v 2.020828 -0.255322 -0.232690
v 2.006580 -0.259140 -0.232690
v 1.992332 -0.255322 -0.232690
v 1.981901 -0.244892 -0.232690
v 1.978084 -0.230643 -0.232690
v 1.981901 -0.216395 -0.232689
v 1.992332 -0.205965 -0.232689
v 2.006580 -0.230643 -0.190264
v 2.006580 -0.190996 -2.083854
v 2.026404 -0.196308 -2.083854
v 2.040915 -0.210820 -2.083854
v 2.046227 -0.230643 -2.083854
v 2.040915 -0.250467 -2.083854
v 2.026404 -0.264979 -2.083854
v 2.006580 -0.270290 -2.083854
v 1.986757 -0.264979 -2.083854
v 1.972245 -0.250467 -2.083854
v 1.966933 -0.230643 -2.083854
v 1.972245 -0.210820 -2.083854
v 1.986757 -0.196308 -2.083854
v 2.006580 -0.190996 -1.980487
v 2.026404 -0.196308 -1.980487
v 2.040915 -0.210820 -1.980487
v 2.046227 -0.230643 -1.980487
v 2.040915 -0.250467 -1.980487
v 2.026404 -0.264979 -1.980487
v 2.006580 -0.270290 -1.980487
v 1.986757 -0.264979 -1.980487
v 1.972245 -0.250467 -1.980487
v 1.966933 -0.230643 -1.980487
v 1.972245 -0.210820 -1.980487
v 1.986757 -0.196308 -1.980487
v 1.983690 -0.230643 -1.980487
v 2.006580 -0.230643 -1.980487
v 2.029470 -0.230643 -1.980487
v 2.006243 -0.270867 -0.392872
v 2.006118 -0.197175 -0.392872
v 2.006255 -0.278383 -0.556189
v 2.006105 -0.189659 -0.556189
v 2.037524 -0.278331 -0.556189
v 2.037374 -0.189606 -0.556189
v 2.037386 -0.197123 -0.392872
v 2.037511 -0.270814 -0.392872
v 1.875408 -0.241986 -0.499165
v 1.875408 -0.241986 -0.556189
v 1.875382 -0.226499 -0.556189
v 1.875382 -0.226499 -0.499165
v 2.014318 -0.380427 -0.499165
v 2.014318 -0.380427 -0.556189
v 2.029805 -0.380401 -0.556189
v 2.029805 -0.380401 -0.499165
v 2.029310 -0.087563 -0.499165
v 2.029310 -0.087562 -0.556189
v 2.013824 -0.087589 -0.556189
v 2.013824 -0.087589 -0.499165
v 2.168221 -0.226004 -0.499165
v 2.168221 -0.226004 -0.556189
v 2.168247 -0.241491 -0.556189
v 2.168247 -0.241491 -0.499165
v 2.058634 -0.218298 -0.392872
v 1.984942 -0.218423 -0.392872
v 1.977426 -0.218436 -0.556189
v 2.066150 -0.218286 -0.556189
v 1.977479 -0.249704 -0.556189
v 2.066203 -0.249554 -0.556189
v 1.984995 -0.249691 -0.392872
v 2.058687 -0.249567 -0.392872
v 1.985219 -0.342208 -1.923281
v 1.985219 -0.342208 -2.053785
v 2.015065 -0.342208 -2.053785
v 2.015065 -0.342208 -1.923281
v 1.985219 -0.123761 -1.923281
v 1.985219 -0.123761 -2.053785
v 2.015065 -0.123761 -2.053785
v 2.015065 -0.123761 -1.923281
v 1.890918 -0.218061 -1.923281
v 1.890918 -0.218061 -2.053785
v 1.890918 -0.247908 -2.053785
v 1.890918 -0.247907 -1.923281
v 2.109366 -0.218061 -1.923281
v 2.109366 -0.218061 -2.053785
v 2.109366 -0.247908 -2.053785
v 2.109366 -0.247908 -1.923281
v 1.529446 -0.194452 -1.048587
v 1.529446 -0.178081 -1.748980
v 1.569171 -0.178081 -1.748980
v 1.569171 -0.194452 -1.048587
v 1.529446 0.065564 -1.046729
v 1.529446 0.081935 -1.747122
v 1.569171 0.081935 -1.747122
v 1.569171 0.065564 -1.046729
v 1.555936 -0.181082 -1.922835
v 1.555936 -0.181082 -0.172431
v 1.580717 -0.187722 -1.922835
v 1.580717 -0.187722 -0.172431
v 1.598858 -0.205863 -1.922835
v 1.598858 -0.205863 -0.172431
v 1.605497 -0.230643 -1.922835
v 1.605497 -0.230643 -0.172431
v 1.598858 -0.255424 -1.922835
v 1.598858 -0.255424 -0.172431
v 1.580717 -0.273565 -1.922835
v 1.580717 -0.273565 -0.172431
v 1.555936 -0.280205 -1.922835
v 1.555936 -0.280205 -0.172431
v 1.531156 -0.273565 -1.922835
v 1.531156 -0.273565 -0.172431
v 1.513015 -0.255424 -1.922835
v 1.513015 -0.255424 -0.172431
v 1.506375 -0.230643 -1.922835
v 1.506375 -0.230643 -0.172431
v 1.513015 -0.205863 -1.922835
v 1.513015 -0.205863 -0.172431
v 1.531156 -0.187722 -1.922835
v 1.531156 -0.187722 -0.172431
v 1.555936 -0.202147 -0.071671
v 1.570184 -0.205965 -0.071671
v 1.580615 -0.216395 -0.071671
v 1.584433 -0.230643 -0.071671
v 1.580615 -0.244892 -0.071671
v 1.570184 -0.255322 -0.071671
v 1.555936 -0.259140 -0.071671
v 1.541688 -0.255322 -0.071671
v 1.531257 -0.244892 -0.071671
v 1.527440 -0.230643 -0.071671
v 1.531257 -0.216395 -0.071671
v 1.541688 -0.205965 -0.071671
v 1.555936 -0.230644 -0.029246
v 1.555936 -0.190996 -1.922835
v 1.575760 -0.196308 -1.922835
v 1.590272 -0.210820 -1.922835
v 1.595583 -0.230643 -1.922835
v 1.590272 -0.250467 -1.922835
v 1.575760 -0.264979 -1.922835
v 1.555936 -0.270290 -1.922835
v 1.536113 -0.264979 -1.922835
v 1.521601 -0.250467 -1.922835
v 1.516289 -0.230643 -1.922835
v 1.521601 -0.210820 -1.922835
v 1.536113 -0.196308 -1.922835
v 1.555936 -0.190996 -1.819469
v 1.575760 -0.196308 -1.819469
v 1.590272 -0.210820 -1.819469
v 1.595583 -0.230643 -1.819469
v 1.590272 -0.250467 -1.819469
v 1.575760 -0.264979 -1.819469
v 1.555936 -0.270290 -1.819469
v 1.536113 -0.264979 -1.819469
v 1.521601 -0.250467 -1.819469
v 1.516289 -0.230643 -1.819469
v 1.521601 -0.210820 -1.819469
v 1.536113 -0.196308 -1.819469
v 1.533046 -0.230643 -1.819469
v 1.555936 -0.230643 -1.819469
v 1.578826 -0.230643 -1.819469
v 1.555599 -0.270867 -0.231854
v 1.555474 -0.197175 -0.231854
v 1.555611 -0.278383 -0.395171
v 1.555461 -0.189659 -0.395171
v 1.586879 -0.278331 -0.395171
v 1.586730 -0.189606 -0.395171
v 1.586742 -0.197123 -0.231854
v 1.586867 -0.270814 -0.231854
v 1.424764 -0.241986 -0.338147
v 1.424764 -0.241986 -0.395171
v 1.424738 -0.226499 -0.395171
v 1.424738 -0.226499 -0.338147
v 1.563675 -0.380427 -0.338147
v 1.563675 -0.380427 -0.395171
v 1.579161 -0.380401 -0.395171
v 1.579161 -0.380401 -0.338147
v 1.578667 -0.087563 -0.338147
v 1.578667 -0.087562 -0.395171
v 1.563180 -0.087589 -0.395171
v 1.563180 -0.087589 -0.338147
v 1.717577 -0.226004 -0.338147
v 1.717577 -0.226004 -0.395171
v 1.717603 -0.241491 -0.395171
v 1.717603 -0.241491 -0.338147
v 1.607990 -0.218298 -0.231854
v 1.534298 -0.218423 -0.231854
v 1.526782 -0.218436 -0.395171
v 1.615506 -0.218286 -0.395171
v 1.526835 -0.249704 -0.395171
v 1.615559 -0.249554 -0.395171
v 1.534351 -0.249691 -0.231854
v 1.608043 -0.249567 -0.231854
v 1.534575 -0.342208 -1.762263
v 1.534575 -0.342208 -1.892767
v 1.564421 -0.342208 -1.892767
v 1.564421 -0.342208 -1.762263
v 1.534575 -0.123761 -1.762263
v 1.534575 -0.123761 -1.892767
v 1.564422 -0.123761 -1.892767
v 1.564422 -0.123761 -1.762263
v 1.440274 -0.218061 -1.762263
v 1.440274 -0.218061 -1.892767
v 1.440274 -0.247907 -1.892767
v 1.440274 -0.247907 -1.762263
v 1.658722 -0.218061 -1.762263
v 1.658722 -0.218061 -1.892767
v 1.658722 -0.247908 -1.892767
v 1.658722 -0.247908 -1.762263
v 0.895969 -0.155825 -1.048587
v 0.895969 -0.139455 -1.748980
v 0.935694 -0.139455 -1.748980
v 0.935694 -0.155825 -1.048587
v 0.895969 0.104191 -1.046729
v 0.895969 0.120562 -1.747122
v 0.935694 0.120562 -1.747122
v 0.935694 0.104191 -1.046729
v 0.922459 -0.142456 -1.922835
v 0.922459 -0.142455 -0.172431
v 0.947240 -0.149095 -1.922835
v 0.947240 -0.149095 -0.172431
v 0.965381 -0.167236 -1.922835
v 0.965381 -0.167236 -0.172431
v 0.972021 -0.192017 -1.922835
v 0.972021 -0.192017 -0.172431
v 0.965381 -0.216797 -1.922835
v 0.965381 -0.216797 -0.172431
v 0.947240 -0.234938 -1.922835
v 0.947240 -0.234938 -0.172431
v 0.922459 -0.241578 -1.922835
v 0.922459 -0.241578 -0.172431
v 0.897679 -0.234938 -1.922835
v 0.897679 -0.234938 -0.172431
v 0.879538 -0.216797 -1.922835
v 0.879538 -0.216797 -0.172431
v 0.872898 -0.192017 -1.922835
v 0.872898 -0.192017 -0.172431
v 0.879538 -0.167236 -1.922835
v 0.879538 -0.167236 -0.172431
v 0.897679 -0.149095 -1.922835
v 0.897679 -0.149095 -0.172431
v 0.922459 -0.163520 -0.071671
v 0.936708 -0.167338 -0.071671
v 0.947138 -0.177769 -0.071671
v 0.950956 -0.192017 -0.071671
v 0.947138 -0.206265 -0.071671
v 0.936708 -0.216696 -0.071671
v 0.922459 -0.220513 -0.071671
v 0.908211 -0.216696 -0.071671
v 0.897781 -0.206265 -0.071671
v 0.893963 -0.192017 -0.071671
v 0.897781 -0.177769 -0.071671
v 0.908211 -0.167338 -0.071671
v 0.922460 -0.192017 -0.029246
v 0.922459 -0.152370 -1.922835
v 0.942283 -0.157681 -1.922835
v 0.956795 -0.172193 -1.922835
v 0.962106 -0.192017 -1.922835
v 0.956795 -0.211840 -1.922835
v 0.942283 -0.226352 -1.922835
v 0.922459 -0.231664 -1.922835
v 0.902636 -0.226352 -1.922835
v 0.888124 -0.211840 -1.922835
v 0.882812 -0.192017 -1.922835
v 0.888124 -0.172193 -1.922835
v 0.902636 -0.157681 -1.922835
v 0.922459 -0.152370 -1.819469
v 0.942283 -0.157681 -1.819469
v 0.956795 -0.172193 -1.819469
v 0.962106 -0.192017 -1.819469
v 0.956795 -0.211840 -1.819469
v 0.942283 -0.226352 -1.819469
v 0.922459 -0.231664 -1.819469
v 0.902636 -0.226352 -1.819469
v 0.888124 -0.211840 -1.819469
v 0.882812 -0.192017 -1.819469
v 0.888124 -0.172193 -1.819469
v 0.902636 -0.157681 -1.819469
v 0.899569 -0.192017 -1.819469
v 0.922459 -0.192017 -1.819469
v 0.945350 -0.192017 -1.819469
v 0.922122 -0.232240 -0.231854
v 0.921997 -0.158549 -0.231854
v 0.922135 -0.239757 -0.395171
v 0.921985 -0.151032 -0.395171
v 0.953403 -0.239704 -0.395171
v 0.953253 -0.150979 -0.395171
v 0.953266 -0.158496 -0.231854
v 0.953390 -0.232187 -0.231854
v 0.791287 -0.203359 -0.338147
v 0.791287 -0.203359 -0.395171
v 0.791261 -0.187872 -0.395171
v 0.791262 -0.187872 -0.338147
v 0.930198 -0.341801 -0.338147
v 0.930198 -0.341800 -0.395171
v 0.945684 -0.341774 -0.395171
v 0.945684 -0.341774 -0.338147
v 0.945190 -0.048936 -0.338147
v 0.945190 -0.048936 -0.395171
v 0.929703 -0.048962 -0.395171
v 0.929703 -0.048962 -0.338147
v 1.084100 -0.187377 -0.338147
v 1.084100 -0.187377 -0.395171
v 1.084126 -0.202864 -0.395171
v 1.084126 -0.202864 -0.338147
v 0.974513 -0.179672 -0.231854
v 0.900822 -0.179796 -0.231854
v 0.893305 -0.179809 -0.395171
v 0.982029 -0.179659 -0.395171
v 0.893358 -0.211077 -0.395171
v 0.982082 -0.210927 -0.395171
v 0.900874 -0.211065 -0.231854
v 0.974566 -0.210940 -0.231854
v 0.901098 -0.303582 -1.762263
v 0.901098 -0.303582 -1.892767
v 0.930944 -0.303582 -1.892767
v 0.930944 -0.303582 -1.762263
v 0.901098 -0.085134 -1.762263
v 0.901098 -0.085134 -1.892767
v 0.930945 -0.085134 -1.892767
v 0.930945 -0.085134 -1.762263
v 0.806798 -0.179434 -1.762263
v 0.806798 -0.179434 -1.892767
v 0.806798 -0.209281 -1.892767
v 0.806798 -0.209281 -1.762263
v 1.025245 -0.179435 -1.762263
v 1.025245 -0.179434 -1.892767
v 1.025245 -0.209281 -1.892767
v 1.025245 -0.209281 -1.762263
v -2.116838 -0.194452 -1.209606
v -2.116838 -0.178081 -1.909998
v -2.156564 -0.178081 -1.909998
v -2.156564 -0.194452 -1.209606
v -2.116838 0.065564 -1.207748
v -2.116838 0.081935 -1.908140
v -2.156564 0.081935 -1.908140
v -2.156564 0.065564 -1.207748
v -2.143329 -0.181082 -2.083853
v -2.143329 -0.181082 -0.333449
v -2.168109 -0.187722 -2.083853
v -2.168109 -0.187722 -0.333449
v -2.186250 -0.205863 -2.083854
v -2.186250 -0.205863 -0.333449
v -2.192890 -0.230643 -2.083854
v -2.192890 -0.230643 -0.333449
v -2.186250 -0.255424 -2.083854
v -2.186250 -0.255424 -0.333449
v -2.168109 -0.273565 -2.083854
v -2.168109 -0.273565 -0.333449
v -2.143329 -0.280205 -2.083854
v -2.143329 -0.280205 -0.333449
v -2.118548 -0.273565 -2.083854
v -2.118548 -0.273565 -0.333449
v -2.100407 -0.255424 -2.083854
v -2.100407 -0.255424 -0.333449
v -2.093767 -0.230643 -2.083854
v -2.093767 -0.230643 -0.333449
v -2.100407 -0.205863 -2.083854
v -2.100407 -0.205863 -0.333449
v -2.118548 -0.187722 -2.083853
v -2.118548 -0.187722 -0.333449
v -2.143329 -0.202147 -0.232689
v -2.157577 -0.205965 -0.232689
v -2.168008 -0.216395 -0.232689
v -2.171825 -0.230643 -0.232690
v -2.168008 -0.244892 -0.232690
v -2.157577 -0.255322 -0.232690
v -2.143329 -0.259140 -0.232690
v -2.129081 -0.255322 -0.232690
v -2.118650 -0.244892 -0.232690
v -2.114832 -0.230643 -0.232690
v -2.118650 -0.216395 -0.232689
v -2.129081 -0.205965 -0.232689
v -2.143329 -0.230643 -0.190264
v -2.143329 -0.190996 -2.083854
v -2.163152 -0.196308 -2.083854
v -2.177664 -0.210820 -2.083854
v -2.182976 -0.230643 -2.083854
v -2.177664 -0.250467 -2.083854
v -2.163152 -0.264979 -2.083854
v -2.143329 -0.270290 -2.083854
v -2.123505 -0.264979 -2.083854
v -2.108993 -0.250467 -2.083854
v -2.103681 -0.230643 -2.083854
v -2.108993 -0.210820 -2.083854
v -2.123505 -0.196308 -2.083854
v -2.143329 -0.190996 -1.980487
v -2.163152 -0.196308 -1.980487
v -2.177664 -0.210820 -1.980487
v -2.182976 -0.230643 -1.980487
v -2.177664 -0.250467 -1.980487
v -2.163152 -0.264979 -1.980487
v -2.143329 -0.270290 -1.980487
v -2.123505 -0.264979 -1.980487
v -2.108993 -0.250467 -1.980487
v -2.103681 -0.230643 -1.980487
v -2.108993 -0.210820 -1.980487
v -2.123505 -0.196308 -1.980487
v -2.120438 -0.230643 -1.980487
v -2.143328 -0.230643 -1.980487
v -2.166219 -0.230643 -1.980487
v -2.142991 -0.270867 -0.392872
v -2.142867 -0.197175 -0.392872
v -2.143004 -0.278383 -0.556189
v -2.142854 -0.189659 -0.556189
v -2.174272 -0.278331 -0.556189
v -2.174122 -0.189606 -0.556189
v -2.174135 -0.197123 -0.392872
v -2.174259 -0.270814 -0.392872
v -2.012156 -0.241986 -0.499165
v -2.012156 -0.241986 -0.556189
v -2.012131 -0.226499 -0.556189
v -2.012131 -0.226499 -0.499165
v -2.151067 -0.380427 -0.499165
v -2.151067 -0.380427 -0.556189
v -2.166553 -0.380401 -0.556189
v -2.166553 -0.380401 -0.499165
v -2.166059 -0.087563 -0.499165
v -2.166059 -0.087562 -0.556189
v -2.150572 -0.087589 -0.556189
v -2.150572 -0.087589 -0.499165
v -2.304969 -0.226004 -0.499165
v -2.304969 -0.226004 -0.556189
v -2.304995 -0.241491 -0.556189
v -2.304995 -0.241491 -0.499165
v -2.195382 -0.218298 -0.392872
v -2.121691 -0.218423 -0.392872
v -2.114174 -0.218436 -0.556189
v -2.202899 -0.218286 -0.556189
v -2.114227 -0.249704 -0.556189
v -2.202951 -0.249554 -0.556189
v -2.121743 -0.249691 -0.392872
v -2.195435 -0.249567 -0.392872
v -2.121967 -0.342208 -1.923281
v -2.121967 -0.342208 -2.053785
v -2.151814 -0.342208 -2.053785
v -2.151814 -0.342208 -1.923281
v -2.121967 -0.123761 -1.923281
v -2.121967 -0.123761 -2.053785
v -2.151814 -0.123761 -2.053785
v -2.151814 -0.123761 -1.923281
v -2.027667 -0.218061 -1.923281
v -2.027667 -0.218061 -2.053785
v -2.027667 -0.247908 -2.053785
v -2.027667 -0.247907 -1.923281
v -2.246114 -0.218061 -1.923281
v -2.246114 -0.218061 -2.053785
v -2.246114 -0.247908 -2.053785
v -2.246114 -0.247908 -1.923281
v -1.666194 -0.194452 -1.048587
v -1.666194 -0.178081 -1.748980
v -1.705920 -0.178081 -1.748980
v -1.705920 -0.194452 -1.048587
v -1.666194 0.065564 -1.046729
v -1.666194 0.081935 -1.747122
v -1.705920 0.081935 -1.747122
v -1.705920 0.065564 -1.046729
v -1.692685 -0.181082 -1.922835
v -1.692685 -0.181082 -0.172431
v -1.717465 -0.187722 -1.922835
v -1.717465 -0.187722 -0.172431
v -1.735606 -0.205863 -1.922835
v -1.735606 -0.205863 -0.172431
v -1.742246 -0.230643 -1.922835
v -1.742246 -0.230643 -0.172431
v -1.735606 -0.255424 -1.922835
v -1.735606 -0.255424 -0.172431
v -1.717465 -0.273565 -1.922835
v -1.717465 -0.273565 -0.172431
v -1.692685 -0.280205 -1.922835
v -1.692685 -0.280205 -0.172431
v -1.667904 -0.273565 -1.922835
v -1.667904 -0.273565 -0.172431
v -1.649763 -0.255424 -1.922835
v -1.649763 -0.255424 -0.172431
v -1.643123 -0.230643 -1.922835
v -1.643123 -0.230643 -0.172431
v -1.649763 -0.205863 -1.922835
v -1.649763 -0.205863 -0.172431
v -1.667904 -0.187722 -1.922835
v -1.667904 -0.187722 -0.172431
v -1.692685 -0.202147 -0.071671
v -1.706933 -0.205965 -0.071671
v -1.717363 -0.216395 -0.071671
v -1.721181 -0.230643 -0.071671
v -1.717363 -0.244892 -0.071671
v -1.706933 -0.255322 -0.071671
v -1.692685 -0.259140 -0.071671
v -1.678436 -0.255322 -0.071671
v -1.668006 -0.244892 -0.071671
v -1.664188 -0.230643 -0.071671
v -1.668006 -0.216395 -0.071671
v -1.678436 -0.205965 -0.071671
v -1.692685 -0.230644 -0.029246
v -1.692685 -0.190996 -1.922835
v -1.712508 -0.196308 -1.922835
v -1.727020 -0.210820 -1.922835
v -1.732332 -0.230643 -1.922835
v -1.727020 -0.250467 -1.922835
v -1.712508 -0.264979 -1.922835
v -1.692685 -0.270290 -1.922835
v -1.672861 -0.264979 -1.922835
v -1.658349 -0.250467 -1.922835
v -1.653038 -0.230643 -1.922835
v -1.658349 -0.210820 -1.922835
v -1.672861 -0.196308 -1.922835
v -1.692685 -0.190996 -1.819469
v -1.712508 -0.196308 -1.819469
v -1.727020 -0.210820 -1.819469
v -1.732332 -0.230643 -1.819469
v -1.727020 -0.250467 -1.819469
v -1.712508 -0.264979 -1.819469
v -1.692685 -0.270290 -1.819469
v -1.672861 -0.264979 -1.819469
v -1.658349 -0.250467 -1.819469
v -1.653038 -0.230643 -1.819469
v -1.658349 -0.210820 -1.819469
v -1.672861 -0.196308 -1.819469
v -1.669794 -0.230643 -1.819469
v -1.692685 -0.230643 -1.819469
v -1.715575 -0.230643 -1.819469
v -1.692347 -0.270867 -0.231854
v -1.692222 -0.197175 -0.231854
v -1.692360 -0.278383 -0.395171
v -1.692210 -0.189659 -0.395171
v -1.723628 -0.278331 -0.395171
v -1.723478 -0.189606 -0.395171
v -1.723491 -0.197123 -0.231854
v -1.723615 -0.270814 -0.231854
v -1.561513 -0.241986 -0.338147
v -1.561513 -0.241986 -0.395171
v -1.561486 -0.226499 -0.395171
v -1.561487 -0.226499 -0.338147
v -1.700423 -0.380427 -0.338147
v -1.700423 -0.380427 -0.395171
v -1.715910 -0.380401 -0.395171
v -1.715910 -0.380401 -0.338147
v -1.715415 -0.087563 -0.338147
v -1.715415 -0.087562 -0.395171
v -1.699928 -0.087589 -0.395171
v -1.699928 -0.087589 -0.338147
v -1.854325 -0.226004 -0.338147
v -1.854325 -0.226004 -0.395171
v -1.854351 -0.241491 -0.395171
v -1.854352 -0.241491 -0.338147
v -1.744738 -0.218298 -0.231854
v -1.671047 -0.218423 -0.231854
v -1.663530 -0.218436 -0.395171
v -1.752255 -0.218286 -0.395171
v -1.663583 -0.249704 -0.395171
v -1.752308 -0.249554 -0.395171
v -1.671100 -0.249691 -0.231854
v -1.744791 -0.249567 -0.231854
v -1.671323 -0.342208 -1.762263
v -1.671323 -0.342208 -1.892767
v -1.701169 -0.342208 -1.892767
v -1.701169 -0.342208 -1.762263
v -1.671324 -0.123761 -1.762263
v -1.671324 -0.123761 -1.892767
v -1.701170 -0.123761 -1.892767
v -1.701170 -0.123761 -1.762263
v -1.577023 -0.218061 -1.762263
v -1.577023 -0.218061 -1.892767
v -1.577023 -0.247907 -1.892767
v -1.577023 -0.247907 -1.762263
v -1.795470 -0.218061 -1.762263
v -1.795470 -0.218061 -1.892767
v -1.795470 -0.247908 -1.892767
v -1.795470 -0.247908 -1.762263
v -1.032718 -0.155825 -1.048587
v -1.032718 -0.139455 -1.748980
v -1.072443 -0.139455 -1.748980
v -1.072443 -0.155825 -1.048587
v -1.032718 0.104191 -1.046729
v -1.032718 0.120562 -1.747122
v -1.072443 0.120562 -1.747122
v -1.072443 0.104191 -1.046729
v -1.059208 -0.142456 -1.922835
v -1.059208 -0.142455 -0.172431
v -1.083989 -0.149095 -1.922835
v -1.083989 -0.149095 -0.172431
v -1.102129 -0.167236 -1.922835
v -1.102129 -0.167236 -0.172431
v -1.108769 -0.192017 -1.922835
v -1.108769 -0.192017 -0.172431
v -1.102129 -0.216797 -1.922835
v -1.102129 -0.216797 -0.172431
v -1.083989 -0.234938 -1.922835
v -1.083989 -0.234938 -0.172431
v -1.059208 -0.241578 -1.922835
v -1.059208 -0.241578 -0.172431
v -1.034427 -0.234938 -1.922835
v -1.034427 -0.234938 -0.172431
v -1.016286 -0.216797 -1.922835
v -1.016286 -0.216797 -0.172431
v -1.009646 -0.192017 -1.922835
v -1.009646 -0.192017 -0.172431
v -1.016286 -0.167236 -1.922835
v -1.016286 -0.167236 -0.172431
v -1.034427 -0.149095 -1.922835
v -1.034427 -0.149095 -0.172431
v -1.059208 -0.163520 -0.071671
v -1.073456 -0.167338 -0.071671
v -1.083887 -0.177769 -0.071671
v -1.087705 -0.192017 -0.071671
v -1.083887 -0.206265 -0.071671
v -1.073456 -0.216696 -0.071671
v -1.059208 -0.220513 -0.071671
v -1.044960 -0.216696 -0.071671
v -1.034529 -0.206265 -0.071671
v -1.030711 -0.192017 -0.071671
v -1.034529 -0.177769 -0.071671
v -1.044960 -0.167338 -0.071671
v -1.059208 -0.192017 -0.029246
v -1.059208 -0.152370 -1.922835
v -1.079032 -0.157681 -1.922835
v -1.093544 -0.172193 -1.922835
v -1.098855 -0.192017 -1.922835
v -1.093544 -0.211840 -1.922835
v -1.079032 -0.226352 -1.922835
v -1.059208 -0.231664 -1.922835
v -1.039384 -0.226352 -1.922835
v -1.024872 -0.211840 -1.922835
v -1.019561 -0.192017 -1.922835
v -1.024872 -0.172193 -1.922835
v -1.039384 -0.157681 -1.922835
v -1.059208 -0.152370 -1.819469
v -1.079032 -0.157681 -1.819469
v -1.093544 -0.172193 -1.819469
v -1.098855 -0.192017 -1.819469
v -1.093544 -0.211840 -1.819469
v -1.079032 -0.226352 -1.819469
v -1.059208 -0.231664 -1.819469
v -1.039384 -0.226352 -1.819469
v -1.024872 -0.211840 -1.819469
v -1.019561 -0.192017 -1.819469
v -1.024872 -0.172193 -1.819469
v -1.039384 -0.157681 -1.819469
v -1.036318 -0.192017 -1.819469
v -1.059208 -0.192017 -1.819469
v -1.082098 -0.192017 -1.819469
v -1.058870 -0.232240 -0.231854
v -1.058746 -0.158549 -0.231854
v -1.058883 -0.239757 -0.395171
v -1.058733 -0.151032 -0.395171
v -1.090151 -0.239704 -0.395171
v -1.090001 -0.150979 -0.395171
v -1.090014 -0.158496 -0.231854
v -1.090138 -0.232187 -0.231854
v -0.928036 -0.203359 -0.338147
v -0.928036 -0.203359 -0.395171
v -0.928010 -0.187872 -0.395171
v -0.928010 -0.187872 -0.338147
v -1.066947 -0.341801 -0.338147
v -1.066947 -0.341800 -0.395171
v -1.082433 -0.341774 -0.395171
v -1.082433 -0.341774 -0.338147
v -1.081938 -0.048936 -0.338147
v -1.081938 -0.048936 -0.395171
v -1.066451 -0.048962 -0.395171
v -1.066451 -0.048962 -0.338147
v -1.220849 -0.187377 -0.338147
v -1.220849 -0.187377 -0.395171
v -1.220874 -0.202864 -0.395171
v -1.220874 -0.202864 -0.338147
v -1.111261 -0.179672 -0.231854
v -1.037570 -0.179796 -0.231854
v -1.030054 -0.179809 -0.395171
v -1.118778 -0.179659 -0.395171
v -1.030107 -0.211077 -0.395171
v -1.118831 -0.210927 -0.395171
v -1.037623 -0.211065 -0.231854
v -1.111315 -0.210940 -0.231854
v -1.037846 -0.303582 -1.762263
v -1.037846 -0.303582 -1.892767
v -1.067693 -0.303582 -1.892767
v -1.067693 -0.303582 -1.762263
v -1.037847 -0.085134 -1.762263
v -1.037847 -0.085134 -1.892767
v -1.067693 -0.085134 -1.892767
v -1.067693 -0.085134 -1.762263
v -0.943546 -0.179434 -1.762263
v -0.943546 -0.179434 -1.892767
v -0.943546 -0.209281 -1.892767
v -0.943546 -0.209281 -1.762263
v -1.161994 -0.179435 -1.762263
v -1.161994 -0.179434 -1.892767
v -1.161994 -0.209281 -1.892767
v -1.161994 -0.209281 -1.762263
v -0.086793 -0.140812 -2.826009
v 0.047356 -0.193421 -2.826009
v 0.159491 -0.121554 -2.826009
v 0.200528 0.039430 -2.826009
v 0.162124 0.171970 -2.826009
v 0.012775 0.231172 -2.826009
v 0.291589 0.105741 -0.721812
v 0.291590 0.105741 1.215727
v 0.440939 0.046539 -0.721811
v 0.440939 0.046539 1.215727
v 0.479342 -0.086001 -0.721811
v 0.479342 -0.086001 1.215727
v 0.438306 -0.246985 -0.721811
v 0.438306 -0.246985 1.215727
v 0.326170 -0.318852 -0.721811
v 0.326170 -0.318852 1.215727
v 0.192021 -0.266243 -0.721812
v 0.192021 -0.266243 1.215727
v 0.272566 0.150448 1.463860
v 0.238633 -0.145224 -1.826940
v 0.285001 0.045912 -1.826940
v 0.269365 -0.037596 -0.721812
v 0.241092 -0.153068 -0.721812
v 0.269365 -0.037596 1.215727
v 0.241092 -0.153068 1.215727
v 0.231107 0.150448 -2.475601
v 0.108993 -0.275127 -2.475601
v 0.243542 0.045912 -2.475601
v -0.009450 0.087836 -2.826009
v -0.037723 -0.027637 -2.826009
v -0.093624 -0.067126 -1.807981
v 0.323222 -0.285845 -1.758495
v 0.005945 0.304858 -1.807981
v -0.016280 0.161521 -1.807981
v 0.476394 -0.052994 -1.758495
v 0.435357 -0.213977 -1.758495
v -0.044553 0.046049 -1.807981
v 0.437990 0.079546 -1.758495
v 0.212666 0.150448 -2.475601
v 0.254125 0.150448 -1.826940
v 0.254125 0.150448 1.463860
v 0.132011 -0.275127 -1.826940
v 0.132011 -0.275127 1.463860
v 0.272566 0.150448 -1.826940
v 0.150452 -0.275127 -1.826940
v 0.150452 -0.275127 1.463860
v 0.220192 -0.145224 -1.826940
v 0.266560 0.045912 -1.826940
v 0.220192 -0.145224 1.463860
v 0.266560 0.045912 1.463860
v 0.238633 -0.145224 1.463860
v 0.285001 0.045912 1.463860
v 0.090552 -0.275127 -2.475601
v 0.178733 -0.145224 -2.475601
v 0.225101 0.045912 -2.475601
v 0.197174 -0.145224 -2.475601
v -0.049955 -0.140812 -2.826009
v -0.184104 -0.193421 -2.826009
v -0.296240 -0.121554 -2.826009
v -0.337276 0.039430 -2.826009
v -0.298873 0.171970 -2.826009
v -0.149524 0.231172 -2.826009
v -0.428338 0.105741 -0.721812
v -0.428338 0.105741 1.215727
v -0.577687 0.046539 -0.721811
v -0.577687 0.046539 1.215727
v -0.616091 -0.086001 -0.721811
v -0.616091 -0.086001 1.215727
v -0.575054 -0.246985 -0.721811
v -0.575054 -0.246985 1.215727
v -0.462919 -0.318852 -0.721811
v -0.462919 -0.318852 1.215727
v -0.328769 -0.266243 -0.721812
v -0.328769 -0.266243 1.215727
v -0.409314 0.150448 -1.826940
v -0.375381 -0.145224 -1.826940
v -0.421749 0.045912 -1.826940
v -0.406113 -0.037596 -0.721812
v -0.377840 -0.153068 -0.721812
v -0.406113 -0.037596 1.215727
v -0.377840 -0.153068 1.215727
v -0.367856 0.150448 -2.475601
v -0.380291 0.045912 -2.475601
v -0.127299 0.087836 -2.826009
v -0.099026 -0.027637 -2.826009
v -0.043125 -0.067126 -1.807981
v -0.459970 -0.285845 -1.758495
v -0.142693 0.304858 -1.807981
v -0.120468 0.161521 -1.807981
v -0.613142 -0.052994 -1.758495
v -0.572106 -0.213977 -1.758495
v -0.092196 0.046049 -1.807981
v -0.574739 0.079546 -1.758495
v -0.349415 0.150448 -2.475601
v -0.390873 0.150448 -1.826940
v -0.390873 0.150448 1.463860
v -0.268759 -0.275127 -1.826940
v -0.268759 -0.275127 1.463860
v -0.409314 0.150448 1.463860
v -0.287200 -0.275127 -1.826940
v -0.287200 -0.275127 1.463860
v -0.356940 -0.145224 -1.826940
v -0.403308 0.045912 -1.826940
v -0.356940 -0.145224 1.463860
v -0.403308 0.045912 1.463860
v -0.375381 -0.145224 1.463860
v -0.421749 0.045912 1.463860
v -0.227301 -0.275127 -2.475601
v -0.245742 -0.275127 -2.475601
v -0.315482 -0.145224 -2.475601
v -0.361850 0.045912 -2.475601
v -0.333923 -0.145224 -2.475601
v 0.139500 0.602252 2.431519
v -0.008262 0.533055 -1.292575
v 0.195777 0.115249 2.435387
v 0.014571 0.427811 -1.304957
v 0.064805 0.121005 3.220897
v 0.151856 0.077285 2.912656
v 0.008960 0.538231 -2.729654
v 0.018335 0.382582 -2.729654
v 0.014788 0.609822 1.589558
v 0.083403 0.241908 1.660135
v 0.125995 0.663821 2.104363
v 0.175837 0.111066 2.091471
v 0.050049 0.454094 -1.297898
v 0.158184 0.396309 2.435386
v 0.138959 0.087237 3.066585
v 0.053645 0.429743 -2.729654
v 0.091695 0.402109 1.624006
v 0.141913 0.409399 2.091471
v 0.095963 0.649215 1.766609
v 0.115911 0.195893 1.811829
v 0.109356 0.404673 1.788407
v 0.008960 0.538231 -3.323075
v 0.018335 0.382582 -3.323075
v 0.053645 0.429743 -3.323075
v 0.009734 0.522880 -3.395248
v 0.016590 0.409052 -3.395248
v 0.042412 0.443542 -3.395248
v -0.068374 0.570979 -1.304957
v -0.068374 0.706450 2.431519
v -0.276248 0.602252 2.431519
v -0.128486 0.533055 -1.292575
v -0.332525 0.115249 2.435387
v -0.151319 0.427811 -1.304957
v -0.068374 0.163032 3.248890
v -0.201554 0.121005 3.220897
v -0.288605 0.077285 2.912656
v -0.145708 0.538231 -2.729654
v -0.155084 0.382582 -2.729654
v -0.068374 0.573832 -2.729654
v -0.068374 0.720392 1.577742
v -0.151537 0.609822 1.589558
v -0.220152 0.241908 1.660135
v -0.262743 0.663821 2.104363
v -0.312586 0.111066 2.091471
v -0.068374 0.770282 2.104364
v -0.186797 0.454094 -1.297898
v -0.294932 0.396309 2.435386
v -0.275708 0.087237 3.066585
v -0.190393 0.429743 -2.729654
v -0.228444 0.402109 1.624006
v -0.278661 0.409399 2.091471
v -0.232712 0.649215 1.766609
v -0.252659 0.195893 1.811829
v -0.068374 0.756889 1.758948
v -0.246104 0.404673 1.788407
v -0.145708 0.538231 -3.323075
v -0.155084 0.382582 -3.323075
v -0.068374 0.573832 -3.323075
v -0.190393 0.429743 -3.323075
v -0.146482 0.522880 -3.395248
v -0.153339 0.409052 -3.395248
v -0.068374 0.548915 -3.395248
v -0.179161 0.443542 -3.395248
v 0.040101 0.265866 -3.426506
v 0.119510 0.186457 -3.426506
v 0.148575 0.077982 -3.426506
v 0.119509 -0.030493 -3.426506
v 0.040101 -0.109902 -3.426506
v 0.043420 0.155749 3.675024
v 0.086686 0.293227 2.284342
v 0.078411 0.378580 -2.375678
v 0.125259 0.073910 3.675024
v 0.200197 0.179715 2.284342
v 0.216326 0.240666 -2.375678
v 0.155214 -0.037884 3.675024
v 0.241746 0.024655 2.284342
v 0.266806 0.052272 -2.375678
v 0.125259 -0.149678 3.675024
v 0.200197 -0.130405 2.284342
v 0.216326 -0.136123 -2.375678
v 0.043420 -0.231517 3.675024
v 0.086686 -0.243916 2.284342
v 0.078411 -0.274037 -2.375678
v 0.066648 0.218898 3.379490
v 0.165491 0.120055 3.379490
v 0.201670 -0.014968 3.379490
v 0.165491 -0.149990 3.379490
v 0.066648 -0.248833 3.379491
v 0.068063 0.315718 -3.020466
v 0.167943 0.215839 -3.020466
v 0.204501 0.079401 -3.020466
v 0.167943 -0.057036 -3.020466
v 0.068063 -0.156915 -3.020466
v 0.104894 0.351314 0.973313
v 0.231736 0.224473 0.973313
v 0.278163 0.051204 0.973313
v 0.231736 -0.122065 0.973313
v 0.104894 -0.248907 0.973313
v 0.012906 0.098658 3.935369
v 0.076722 0.034842 3.935369
v 0.100080 -0.052332 3.935369
v 0.076722 -0.139507 3.935369
v 0.012906 -0.203323 3.935369
v -0.068374 0.294932 -3.426506
v -0.176849 0.265866 -3.426506
v -0.256258 0.186457 -3.426506
v -0.285324 0.077982 -3.426506
v -0.256258 -0.030493 -3.426506
v -0.176849 -0.109902 -3.426506
v -0.068374 -0.138967 -3.426506
v -0.068374 0.429060 -2.375678
v -0.068374 0.334775 2.284342
v -0.068374 0.185704 3.675024
v -0.180168 0.155749 3.675024
v -0.223434 0.293227 2.284342
v -0.215160 0.378580 -2.375678
v -0.262007 0.073910 3.675024
v -0.336946 0.179715 2.284342
v -0.353074 0.240666 -2.375678
v -0.291962 -0.037884 3.675024
v -0.378494 0.024655 2.284342
v -0.403554 0.052272 -2.375678
v -0.262007 -0.149678 3.675024
v -0.336946 -0.130405 2.284342
v -0.353074 -0.136123 -2.375678
v -0.180168 -0.231517 3.675024
v -0.223434 -0.243916 2.284342
v -0.215160 -0.274037 -2.375678
v -0.068374 -0.261472 3.675024
v -0.068374 -0.285464 2.284342
v -0.068374 -0.324517 -2.375678
v -0.068374 0.255077 3.379490
v -0.203396 0.218898 3.379490
v -0.302240 0.120055 3.379490
v -0.338419 -0.014968 3.379490
v -0.302240 -0.149990 3.379490
v -0.203396 -0.248833 3.379491
v -0.068374 -0.285012 3.379491
v -0.204812 0.315718 -3.020466
v -0.304691 0.215839 -3.020466
v -0.341249 0.079401 -3.020466
v -0.304691 -0.057036 -3.020466
v -0.204812 -0.156915 -3.020466
v -0.068374 -0.193474 -3.020466
v -0.068374 0.352276 -3.020466
v -0.068374 0.397741 0.973313
v -0.241643 0.351314 0.973313
v -0.368485 0.224473 0.973313
v -0.414912 0.051204 0.973313
v -0.368485 -0.122065 0.973313
v -0.241643 -0.248907 0.973313
v -0.068374 -0.295334 0.973313
v -0.068374 0.122016 3.935369
v -0.149654 0.098658 3.935369
v -0.213470 0.034842 3.935369
v -0.236829 -0.052332 3.935369
v -0.213470 -0.139507 3.935369
v -0.149654 -0.203323 3.935369
v -0.068374 -0.226681 3.935369
v -0.068374 -0.077915 4.546553
v -0.046578 0.517196 -1.467847
v -0.038220 0.517196 -1.154042
v -0.090170 0.517196 -1.467847
v -0.098528 0.517196 -1.154042
v -0.046578 0.593718 -1.467847
v -0.020645 0.593718 -1.154042
v -0.090170 0.593718 -1.467847
v -0.080953 0.593718 -1.154042
v -0.038220 0.556074 -1.103415
v -0.098528 0.556074 -1.103415
v -0.038220 0.632596 -1.103415
v -0.098528 0.632596 -1.103415
v -0.038220 0.556074 -0.989386
v -0.098528 0.556074 -0.989386
v -0.038220 0.632596 -0.989386
v -0.098528 0.632596 -0.989386
v -0.145708 0.429851 -3.157933
v -0.145708 0.429851 -3.157933
v -0.128486 0.478545 -1.300862
v -0.128486 0.478545 -1.300862
v 0.008960 0.429851 -3.157933
v 0.008960 0.429851 -3.157933
v -0.085394 1.699060 -3.407494
v -0.085394 1.699060 -3.407494
v -0.087923 1.753841 -2.919963
v -0.051354 1.699060 -3.407494
v -0.051354 1.699060 -3.407494
v -0.048825 1.753841 -2.919963
v -0.008262 0.478545 -1.300862
v -0.008262 0.478545 -1.300862
v 0.450659 0.321206 -2.394467
v 0.450659 0.321206 -2.394467
v 0.424340 0.174510 -2.394467
v 0.424340 0.174510 -2.394467
v 0.387949 0.263515 -2.783010
v 0.387949 0.263515 -2.783010
v 0.400852 0.251977 -2.783010
v 0.400852 0.251977 -2.783010
v 0.105403 0.237750 -2.783010
v 0.105403 0.280432 -2.783010
v 0.553194 0.254142 1.424080
v 0.105403 0.320794 1.732008
v 0.105403 0.121118 1.732008
v 0.594438 0.176249 1.424080
v 2.517407 0.073678 -1.807921
v 1.073936 0.135551 0.826282
v 1.041727 0.047348 0.826282
v 2.442211 0.026718 -2.293429
v 2.442211 0.026718 -2.293429
v 2.403078 0.026718 -2.293429
v -0.587408 0.321206 -2.394467
v -0.587408 0.321206 -2.394467
v -0.561089 0.174510 -2.394467
v -0.561089 0.174510 -2.394467
v -0.524698 0.263515 -2.783010
v -0.524698 0.263515 -2.783010
v -0.537600 0.251977 -2.783010
v -0.537600 0.251977 -2.783010
v -0.242151 0.237750 -2.783010
v -0.242151 0.280432 -2.783010
v -0.689943 0.254142 1.424080
v -0.242151 0.320794 1.732008
v -0.242151 0.121118 1.732008
v -0.731187 0.176249 1.424080
v -2.654155 0.073678 -1.807921
v -1.210685 0.135551 0.826282
v -1.178476 0.047348 0.826282
v -2.578959 0.026718 -2.293429
v -2.578959 0.026718 -2.293429
v -2.539826 0.026718 -2.293429
v 1.980090 -0.194452 -1.209606
v 1.980090 -0.194452 -1.209606
v 1.980090 0.065564 -1.207748
v 1.980090 0.065564 -1.207748
v 1.980090 0.081935 -1.908140
v 1.980090 0.081935 -1.908140
v 1.980090 -0.178081 -1.909998
v 1.980090 -0.178081 -1.909998
v 2.019815 0.081935 -1.908140
v 2.019815 0.081935 -1.908140
v 2.019815 -0.178081 -1.909998
v 2.019815 -0.178081 -1.909998
v 2.019815 0.065564 -1.207748
v 2.019815 0.065564 -1.207748
v 2.019815 -0.194452 -1.209606
v 2.019815 -0.194452 -1.209606
v 2.031361 -0.187722 -2.083853
v 2.006580 -0.181082 -2.083853
v 2.049502 -0.205863 -2.083854
v 2.056141 -0.230643 -2.083854
v 2.049502 -0.255424 -2.083854
v 2.031361 -0.273565 -2.083854
v 2.006580 -0.280205 -2.083854
v 1.981799 -0.273565 -2.083854
v 1.963659 -0.255424 -2.083854
v 1.957019 -0.230643 -2.083854
v 1.963659 -0.205863 -2.083854
v 1.981799 -0.187722 -2.083853
v 2.026404 -0.196308 -2.083854
v 2.006580 -0.190996 -2.083854
v 2.040915 -0.210820 -2.083854
v 2.046227 -0.230643 -2.083854
v 2.040915 -0.250467 -2.083854
v 2.026404 -0.264979 -2.083854
v 2.006580 -0.270290 -2.083854
v 1.986757 -0.264979 -2.083854
v 1.972245 -0.250467 -2.083854
v 1.966933 -0.230643 -2.083854
v 1.972245 -0.210820 -2.083854
v 1.986757 -0.196308 -2.083854
v 2.026404 -0.196308 -1.980487
v 2.006580 -0.190996 -1.980487
v 2.040915 -0.210820 -1.980487
v 2.046227 -0.230643 -1.980487
v 2.040915 -0.250467 -1.980487
v 2.026404 -0.264979 -1.980487
v 2.006580 -0.270290 -1.980487
v 1.986757 -0.264979 -1.980487
v 1.972245 -0.250467 -1.980487
v 1.966933 -0.230643 -1.980487
v 1.972245 -0.210820 -1.980487
v 1.986757 -0.196308 -1.980487
v 2.006105 -0.189659 -0.556189
v 2.013824 -0.087589 -0.556189
v 2.013824 -0.087589 -0.556189
v 2.014318 -0.380427 -0.556189
v 2.014318 -0.380427 -0.556189
v 2.006255 -0.278383 -0.556189
v 2.006243 -0.270867 -0.392872
v 2.014318 -0.380427 -0.499165
v 2.168247 -0.241491 -0.556189
v 2.168247 -0.241491 -0.556189
v 2.168247 -0.241491 -0.499165
v 2.037374 -0.189606 -0.556189
v 2.029310 -0.087562 -0.556189
v 2.029310 -0.087562 -0.556189
v 2.037386 -0.197123 -0.392872
v 2.029310 -0.087563 -0.499165
v 1.875382 -0.226499 -0.556189
v 1.875382 -0.226499 -0.556189
v 1.875382 -0.226499 -0.499165
v 2.013824 -0.087589 -0.499165
v 2.006118 -0.197175 -0.392872
v 2.029805 -0.380401 -0.556189
v 2.029805 -0.380401 -0.556189
v 2.037524 -0.278331 -0.556189
v 2.037511 -0.270814 -0.392872
v 2.029805 -0.380401 -0.499165
v 1.984942 -0.218423 -0.392872
v 2.058634 -0.218298 -0.392872
v 1.875408 -0.241986 -0.556189
v 1.875408 -0.241986 -0.556189
v 2.168221 -0.226004 -0.499165
v 2.168221 -0.226004 -0.556189
v 2.168221 -0.226004 -0.556189
v 1.875408 -0.241986 -0.499165
v 2.066150 -0.218286 -0.556189
v 1.977426 -0.218436 -0.556189
v 2.066203 -0.249554 -0.556189
v 1.977479 -0.249704 -0.556189
v 2.058687 -0.249567 -0.392872
v 1.984995 -0.249691 -0.392872
v 2.015065 -0.123761 -1.923281
v 2.015065 -0.123761 -1.923281
v 1.985219 -0.123761 -1.923281
v 1.985219 -0.123761 -1.923281
v 1.985219 -0.342208 -1.923281
v 1.985219 -0.342208 -1.923281
v 2.015065 -0.342208 -1.923281
v 2.015065 -0.342208 -1.923281
v 1.985219 -0.123761 -2.053785
v 1.985219 -0.123761 -2.053785
v 1.985219 -0.342208 -2.053785
v 1.985219 -0.342208 -2.053785
v 2.015065 -0.123761 -2.053785
v 2.015065 -0.123761 -2.053785
v 2.015065 -0.342208 -2.053785
v 2.015065 -0.342208 -2.053785
v 1.890918 -0.218061 -1.923281
v 1.890918 -0.218061 -1.923281
v 2.109366 -0.218061 -1.923281
v 2.109366 -0.218061 -1.923281
v 2.109366 -0.218061 -2.053785
v 2.109366 -0.218061 -2.053785
v 1.890918 -0.218061 -2.053785
v 1.890918 -0.218061 -2.053785
v 2.109366 -0.247908 -2.053785
v 2.109366 -0.247908 -2.053785
v 1.890918 -0.247908 -2.053785
v 1.890918 -0.247908 -2.053785
v 2.109366 -0.247908 -1.923281
v 2.109366 -0.247908 -1.923281
v 1.890918 -0.247907 -1.923281
v 1.890918 -0.247907 -1.923281
v 1.529446 -0.194452 -1.048587
v 1.529446 -0.194452 -1.048587
v 1.529446 0.065564 -1.046729
v 1.529446 0.065564 -1.046729
v 1.529446 0.081935 -1.747122
v 1.529446 0.081935 -1.747122
v 1.529446 -0.178081 -1.748980
v 1.529446 -0.178081 -1.748980
v 1.569171 0.081935 -1.747122
v 1.569171 0.081935 -1.747122
v 1.569171 -0.178081 -1.748980
v 1.569171 -0.178081 -1.748980
v 1.569171 0.065564 -1.046729
v 1.569171 0.065564 -1.046729
v 1.569171 -0.194452 -1.048587
v 1.569171 -0.194452 -1.048587
v 1.580717 -0.187722 -1.922835
v 1.555936 -0.181082 -1.922835
v 1.598858 -0.205863 -1.922835
v 1.605497 -0.230643 -1.922835
v 1.598858 -0.255424 -1.922835
v 1.580717 -0.273565 -1.922835
v 1.555936 -0.280205 -1.922835
v 1.531156 -0.273565 -1.922835
v 1.513015 -0.255424 -1.922835
v 1.506375 -0.230643 -1.922835
v 1.513015 -0.205863 -1.922835
v 1.531156 -0.187722 -1.922835
v 1.575760 -0.196308 -1.922835
v 1.555936 -0.190996 -1.922835
v 1.590272 -0.210820 -1.922835
v 1.595583 -0.230643 -1.922835
v 1.590272 -0.250467 -1.922835
v 1.575760 -0.264979 -1.922835
v 1.555936 -0.270290 -1.922835
v 1.536113 -0.264979 -1.922835
v 1.521601 -0.250467 -1.922835
v 1.516289 -0.230643 -1.922835
v 1.521601 -0.210820 -1.922835
v 1.536113 -0.196308 -1.922835
v 1.575760 -0.196308 -1.819469
v 1.555936 -0.190996 -1.819469
v 1.590272 -0.210820 -1.819469
v 1.595583 -0.230643 -1.819469
v 1.590272 -0.250467 -1.819469
v 1.575760 -0.264979 -1.819469
v 1.555936 -0.270290 -1.819469
v 1.536113 -0.264979 -1.819469
v 1.521601 -0.250467 -1.819469
v 1.516289 -0.230643 -1.819469
v 1.521601 -0.210820 -1.819469
v 1.536113 -0.196308 -1.819469
v 1.555461 -0.189659 -0.395171
v 1.563180 -0.087589 -0.395171
v 1.563180 -0.087589 -0.395171
v 1.563675 -0.380427 -0.395171
v 1.563675 -0.380427 -0.395171
v 1.555611 -0.278383 -0.395171
v 1.555599 -0.270867 -0.231854
v 1.563675 -0.380427 -0.338147
v 1.717603 -0.241491 -0.395171
v 1.717603 -0.241491 -0.395171
v 1.717603 -0.241491 -0.338147
v 1.586730 -0.189606 -0.395171
v 1.578667 -0.087562 -0.395171
v 1.578667 -0.087562 -0.395171
v 1.586742 -0.197123 -0.231854
v 1.578667 -0.087563 -0.338147
v 1.424738 -0.226499 -0.395171
v 1.424738 -0.226499 -0.395171
v 1.424738 -0.226499 -0.338147
v 1.563180 -0.087589 -0.338147
v 1.555474 -0.197175 -0.231854
v 1.579161 -0.380401 -0.395171
v 1.579161 -0.380401 -0.395171
v 1.586879 -0.278331 -0.395171
v 1.586867 -0.270814 -0.231854
v 1.579161 -0.380401 -0.338147
v 1.534298 -0.218423 -0.231854
v 1.607990 -0.218298 -0.231854
v 1.424764 -0.241986 -0.395171
v 1.424764 -0.241986 -0.395171
v 1.717577 -0.226004 -0.338147
v 1.717577 -0.226004 -0.395171
v 1.717577 -0.226004 -0.395171
v 1.424764 -0.241986 -0.338147
v 1.615506 -0.218286 -0.395171
v 1.526782 -0.218436 -0.395171
v 1.615559 -0.249554 -0.395171
v 1.526835 -0.249704 -0.395171
v 1.608043 -0.249567 -0.231854
v 1.534351 -0.249691 -0.231854
v 1.564422 -0.123761 -1.762263
v 1.564422 -0.123761 -1.762263
v 1.534575 -0.123761 -1.762263
v 1.534575 -0.123761 -1.762263
v 1.534575 -0.342208 -1.762263
v 1.534575 -0.342208 -1.762263
v 1.564421 -0.342208 -1.762263
v 1.564421 -0.342208 -1.762263
v 1.534575 -0.123761 -1.892767
v 1.534575 -0.123761 -1.892767
v 1.534575 -0.342208 -1.892767
v 1.534575 -0.342208 -1.892767
v 1.564422 -0.123761 -1.892767
v 1.564422 -0.123761 -1.892767
v 1.564421 -0.342208 -1.892767
v 1.564421 -0.342208 -1.892767
v 1.440274 -0.218061 -1.762263
v 1.440274 -0.218061 -1.762263
v 1.658722 -0.218061 -1.762263
v 1.658722 -0.218061 -1.762263
v 1.658722 -0.218061 -1.892767
v 1.658722 -0.218061 -1.892767
v 1.440274 -0.218061 -1.892767
v 1.440274 -0.218061 -1.892767
v 1.658722 -0.247908 -1.892767
v 1.658722 -0.247908 -1.892767
v 1.440274 -0.247907 -1.892767
v 1.440274 -0.247907 -1.892767
v 1.658722 -0.247908 -1.762263
v 1.658722 -0.247908 -1.762263
v 1.440274 -0.247907 -1.762263
v 1.440274 -0.247907 -1.762263
v 0.895969 -0.155825 -1.048587
v 0.895969 -0.155825 -1.048587
v 0.895969 0.104191 -1.046729
v 0.895969 0.104191 -1.046729
v 0.895969 0.120562 -1.747122
v 0.895969 0.120562 -1.747122
v 0.895969 -0.139455 -1.748980
v 0.895969 -0.139455 -1.748980
v 0.935694 0.120562 -1.747122
v 0.935694 0.120562 -1.747122
v 0.935694 -0.139455 -1.748980
v 0.935694 -0.139455 -1.748980
v 0.935694 0.104191 -1.046729
v 0.935694 0.104191 -1.046729
v 0.935694 -0.155825 -1.048587
v 0.935694 -0.155825 -1.048587
v 0.947240 -0.149095 -1.922835
v 0.922459 -0.142456 -1.922835
v 0.965381 -0.167236 -1.922835
v 0.972021 -0.192017 -1.922835
v 0.965381 -0.216797 -1.922835
v 0.947240 -0.234938 -1.922835
v 0.922459 -0.241578 -1.922835
v 0.897679 -0.234938 -1.922835
v 0.879538 -0.216797 -1.922835
v 0.872898 -0.192017 -1.922835
v 0.879538 -0.167236 -1.922835
v 0.897679 -0.149095 -1.922835
v 0.942283 -0.157681 -1.922835
v 0.922459 -0.152370 -1.922835
v 0.956795 -0.172193 -1.922835
v 0.962106 -0.192017 -1.922835
v 0.956795 -0.211840 -1.922835
v 0.942283 -0.226352 -1.922835
v 0.922459 -0.231664 -1.922835
v 0.902636 -0.226352 -1.922835
v 0.888124 -0.211840 -1.922835
v 0.882812 -0.192017 -1.922835
v 0.888124 -0.172193 -1.922835
v 0.902636 -0.157681 -1.922835
v 0.942283 -0.157681 -1.819469
v 0.922459 -0.152370 -1.819469
v 0.956795 -0.172193 -1.819469
v 0.962106 -0.192017 -1.819469
v 0.956795 -0.211840 -1.819469
v 0.942283 -0.226352 -1.819469
v 0.922459 -0.231664 -1.819469
v 0.902636 -0.226352 -1.819469
v 0.888124 -0.211840 -1.819469
v 0.882812 -0.192017 -1.819469
v 0.888124 -0.172193 -1.819469
v 0.902636 -0.157681 -1.819469
v 0.921985 -0.151032 -0.395171
v 0.929703 -0.048962 -0.395171
v 0.929703 -0.048962 -0.395171
v 0.930198 -0.341800 -0.395171
v 0.930198 -0.341800 -0.395171
v 0.922135 -0.239757 -0.395171
v 0.922122 -0.232240 -0.231854
v 0.930198 -0.341801 -0.338147
v 1.084126 -0.202864 -0.395171
v 1.084126 -0.202864 -0.395171
v 1.084126 -0.202864 -0.338147
v 0.953253 -0.150979 -0.395171
v 0.945190 -0.048936 -0.395171
v 0.945190 -0.048936 -0.395171
v 0.953266 -0.158496 -0.231854
v 0.945190 -0.048936 -0.338147
v 0.791261 -0.187872 -0.395171
v 0.791261 -0.187872 -0.395171
v 0.791262 -0.187872 -0.338147
v 0.929703 -0.048962 -0.338147
v 0.921997 -0.158549 -0.231854
v 0.945684 -0.341774 -0.395171
v 0.945684 -0.341774 -0.395171
v 0.953403 -0.239704 -0.395171
v 0.953390 -0.232187 -0.231854
v 0.945684 -0.341774 -0.338147
v 0.900822 -0.179796 -0.231854
v 0.974513 -0.179672 -0.231854
v 0.791287 -0.203359 -0.395171
v 0.791287 -0.203359 -0.395171
v 1.084100 -0.187377 -0.338147
v 1.084100 -0.187377 -0.395171
v 1.084100 -0.187377 -0.395171
v 0.791287 -0.203359 -0.338147
v 0.982029 -0.179659 -0.395171
v 0.893305 -0.179809 -0.395171
v 0.982082 -0.210927 -0.395171
v 0.893358 -0.211077 -0.395171
v 0.974566 -0.210940 -0.231854
v 0.900874 -0.211065 -0.231854
v 0.930945 -0.085134 -1.762263
v 0.930945 -0.085134 -1.762263
v 0.901098 -0.085134 -1.762263
v 0.901098 -0.085134 -1.762263
v 0.901098 -0.303582 -1.762263
v 0.901098 -0.303582 -1.762263
v 0.930944 -0.303582 -1.762263
v 0.930944 -0.303582 -1.762263
v 0.901098 -0.085134 -1.892767
v 0.901098 -0.085134 -1.892767
v 0.901098 -0.303582 -1.892767
v 0.901098 -0.303582 -1.892767
v 0.930945 -0.085134 -1.892767
v 0.930945 -0.085134 -1.892767
v 0.930944 -0.303582 -1.892767
v 0.930944 -0.303582 -1.892767
v 0.806798 -0.179434 -1.762263
v 0.806798 -0.179434 -1.762263
v 1.025245 -0.179435 -1.762263
v 1.025245 -0.179435 -1.762263
v 1.025245 -0.179434 -1.892767
v 1.025245 -0.179434 -1.892767
v 0.806798 -0.179434 -1.892767
v 0.806798 -0.179434 -1.892767
v 1.025245 -0.209281 -1.892767
v 1.025245 -0.209281 -1.892767
v 0.806798 -0.209281 -1.892767
v 0.806798 -0.209281 -1.892767
v 1.025245 -0.209281 -1.762263
v 1.025245 -0.209281 -1.762263
v 0.806798 -0.209281 -1.762263
v 0.806798 -0.209281 -1.762263
v -2.116838 -0.194452 -1.209606
v -2.116838 -0.194452 -1.209606
v -2.116838 0.065564 -1.207748
v -2.116838 0.065564 -1.207748
v -2.116838 0.081935 -1.908140
v -2.116838 0.081935 -1.908140
v -2.116838 -0.178081 -1.909998
v -2.116838 -0.178081 -1.909998
v -2.156564 0.081935 -1.908140
v -2.156564 0.081935 -1.908140
v -2.156564 -0.178081 -1.909998
v -2.156564 -0.178081 -1.909998
v -2.156564 0.065564 -1.207748
v -2.156564 0.065564 -1.207748
v -2.156564 -0.194452 -1.209606
v -2.156564 -0.194452 -1.209606
v -2.168109 -0.187722 -2.083853
v -2.143329 -0.181082 -2.083853
v -2.186250 -0.205863 -2.083854
v -2.192890 -0.230643 -2.083854
v -2.186250 -0.255424 -2.083854
v -2.168109 -0.273565 -2.083854
v -2.143329 -0.280205 -2.083854
v -2.118548 -0.273565 -2.083854
v -2.100407 -0.255424 -2.083854
v -2.093767 -0.230643 -2.083854
v -2.100407 -0.205863 -2.083854
v -2.118548 -0.187722 -2.083853
v -2.163152 -0.196308 -2.083854
v -2.143329 -0.190996 -2.083854
v -2.177664 -0.210820 -2.083854
v -2.182976 -0.230643 -2.083854
v -2.177664 -0.250467 -2.083854
v -2.163152 -0.264979 -2.083854
v -2.143329 -0.270290 -2.083854
v -2.123505 -0.264979 -2.083854
v -2.108993 -0.250467 -2.083854
v -2.103681 -0.230643 -2.083854
v -2.108993 -0.210820 -2.083854
v -2.123505 -0.196308 -2.083854
v -2.163152 -0.196308 -1.980487
v -2.143329 -0.190996 -1.980487
v -2.177664 -0.210820 -1.980487
v -2.182976 -0.230643 -1.980487
v -2.177664 -0.250467 -1.980487
v -2.163152 -0.264979 -1.980487
v -2.143329 -0.270290 -1.980487
v -2.123505 -0.264979 -1.980487
v -2.108993 -0.250467 -1.980487
v -2.103681 -0.230643 -1.980487
v -2.108993 -0.210820 -1.980487
v -2.123505 -0.196308 -1.980487
v -2.142854 -0.189659 -0.556189
v -2.150572 -0.087589 -0.556189
v -2.150572 -0.087589 -0.556189
v -2.151067 -0.380427 -0.556189
v -2.151067 -0.380427 -0.556189
v -2.143004 -0.278383 -0.556189
v -2.142991 -0.270867 -0.392872
v -2.151067 -0.380427 -0.499165
v -2.304995 -0.241491 -0.556189
v -2.304995 -0.241491 -0.556189
v -2.304995 -0.241491 -0.499165
v -2.174122 -0.189606 -0.556189
v -2.166059 -0.087562 -0.556189
v -2.166059 -0.087562 -0.556189
v -2.174135 -0.197123 -0.392872
v -2.166059 -0.087563 -0.499165
v -2.012131 -0.226499 -0.556189
v -2.012131 -0.226499 -0.556189
v -2.012131 -0.226499 -0.499165
v -2.150572 -0.087589 -0.499165
v -2.142867 -0.197175 -0.392872
v -2.166553 -0.380401 -0.556189
v -2.166553 -0.380401 -0.556189
v -2.174272 -0.278331 -0.556189
v -2.174259 -0.270814 -0.392872
v -2.166553 -0.380401 -0.499165
v -2.121691 -0.218423 -0.392872
v -2.195382 -0.218298 -0.392872
v -2.012156 -0.241986 -0.556189
v -2.012156 -0.241986 -0.556189
v -2.304969 -0.226004 -0.499165
v -2.304969 -0.226004 -0.556189
v -2.304969 -0.226004 -0.556189
v -2.012156 -0.241986 -0.499165
v -2.202899 -0.218286 -0.556189
v -2.114174 -0.218436 -0.556189
v -2.202951 -0.249554 -0.556189
v -2.114227 -0.249704 -0.556189
v -2.195435 -0.249567 -0.392872
v -2.121743 -0.249691 -0.392872
v -2.151814 -0.123761 -1.923281
v -2.151814 -0.123761 -1.923281
v -2.121967 -0.123761 -1.923281
v -2.121967 -0.123761 -1.923281
v -2.121967 -0.342208 -1.923281
v -2.121967 -0.342208 -1.923281
v -2.151814 -0.342208 -1.923281
v -2.151814 -0.342208 -1.923281
v -2.121967 -0.123761 -2.053785
v -2.121967 -0.123761 -2.053785
v -2.121967 -0.342208 -2.053785
v -2.121967 -0.342208 -2.053785
v -2.151814 -0.123761 -2.053785
v -2.151814 -0.123761 -2.053785
v -2.151814 -0.342208 -2.053785
v -2.151814 -0.342208 -2.053785
v -2.027667 -0.218061 -1.923281
v -2.027667 -0.218061 -1.923281
v -2.246114 -0.218061 -1.923281
v -2.246114 -0.218061 -1.923281
v -2.246114 -0.218061 -2.053785
v -2.246114 -0.218061 -2.053785
v -2.027667 -0.218061 -2.053785
v -2.027667 -0.218061 -2.053785
v -2.246114 -0.247908 -2.053785
v -2.246114 -0.247908 -2.053785
v -2.027667 -0.247908 -2.053785
v -2.027667 -0.247908 -2.053785
v -2.246114 -0.247908 -1.923281
v -2.246114 -0.247908 -1.923281
v -2.027667 -0.247907 -1.923281
v -2.027667 -0.247907 -1.923281
v -1.666194 -0.194452 -1.048587
v -1.666194 -0.194452 -1.048587
v -1.666194 0.065564 -1.046729
v -1.666194 0.065564 -1.046729
v -1.666194 0.081935 -1.747122
v -1.666194 0.081935 -1.747122
v -1.666194 -0.178081 -1.748980
v -1.666194 -0.178081 -1.748980
v -1.705920 0.081935 -1.747122
v -1.705920 0.081935 -1.747122
v -1.705920 -0.178081 -1.748980
v -1.705920 -0.178081 -1.748980
v -1.705920 0.065564 -1.046729
v -1.705920 0.065564 -1.046729
v -1.705920 -0.194452 -1.048587
v -1.705920 -0.194452 -1.048587
v -1.717465 -0.187722 -1.922835
v -1.692685 -0.181082 -1.922835
v -1.735606 -0.205863 -1.922835
v -1.742246 -0.230643 -1.922835
v -1.735606 -0.255424 -1.922835
v -1.717465 -0.273565 -1.922835
v -1.692685 -0.280205 -1.922835
v -1.667904 -0.273565 -1.922835
v -1.649763 -0.255424 -1.922835
v -1.643123 -0.230643 -1.922835
v -1.649763 -0.205863 -1.922835
v -1.667904 -0.187722 -1.922835
v -1.712508 -0.196308 -1.922835
v -1.692685 -0.190996 -1.922835
v -1.727020 -0.210820 -1.922835
v -1.732332 -0.230643 -1.922835
v -1.727020 -0.250467 -1.922835
v -1.712508 -0.264979 -1.922835
v -1.692685 -0.270290 -1.922835
v -1.672861 -0.264979 -1.922835
v -1.658349 -0.250467 -1.922835
v -1.653038 -0.230643 -1.922835
v -1.658349 -0.210820 -1.922835
v -1.672861 -0.196308 -1.922835
v -1.712508 -0.196308 -1.819469
v -1.692685 -0.190996 -1.819469
v -1.727020 -0.210820 -1.819469
v -1.732332 -0.230643 -1.819469
v -1.727020 -0.250467 -1.819469
v -1.712508 -0.264979 -1.819469
v -1.692685 -0.270290 -1.819469
v -1.672861 -0.264979 -1.819469
v -1.658349 -0.250467 -1.819469
v -1.653038 -0.230643 -1.819469
v -1.658349 -0.210820 -1.819469
v -1.672861 -0.196308 -1.819469
v -1.692210 -0.189659 -0.395171
v -1.699928 -0.087589 -0.395171
v -1.699928 -0.087589 -0.395171
v -1.700423 -0.380427 -0.395171
v -1.700423 -0.380427 -0.395171
v -1.692360 -0.278383 -0.395171
v -1.692347 -0.270867 -0.231854
v -1.700423 -0.380427 -0.338147
v -1.854351 -0.241491 -0.395171
v -1.854351 -0.241491 -0.395171
v -1.854352 -0.241491 -0.338147
v -1.723478 -0.189606 -0.395171
v -1.715415 -0.087562 -0.395171
v -1.715415 -0.087562 -0.395171
v -1.723491 -0.197123 -0.231854
v -1.715415 -0.087563 -0.338147
v -1.561486 -0.226499 -0.395171
v -1.561486 -0.226499 -0.395171
v -1.561487 -0.226499 -0.338147
v -1.699928 -0.087589 -0.338147
v -1.692222 -0.197175 -0.231854
v -1.715910 -0.380401 -0.395171
v -1.715910 -0.380401 -0.395171
v -1.723628 -0.278331 -0.395171
v -1.723615 -0.270814 -0.231854
v -1.715910 -0.380401 -0.338147
v -1.671047 -0.218423 -0.231854
v -1.744738 -0.218298 -0.231854
v -1.561513 -0.241986 -0.395171
v -1.561513 -0.241986 -0.395171
v -1.854325 -0.226004 -0.338147
v -1.854325 -0.226004 -0.395171
v -1.854325 -0.226004 -0.395171
v -1.561513 -0.241986 -0.338147
v -1.752255 -0.218286 -0.395171
v -1.663530 -0.218436 -0.395171
v -1.752308 -0.249554 -0.395171
v -1.663583 -0.249704 -0.395171
v -1.744791 -0.249567 -0.231854
v -1.671100 -0.249691 -0.231854
v -1.701170 -0.123761 -1.762263
v -1.701170 -0.123761 -1.762263
v -1.671324 -0.123761 -1.762263
v -1.671324 -0.123761 -1.762263
v -1.671323 -0.342208 -1.762263
v -1.671323 -0.342208 -1.762263
v -1.701169 -0.342208 -1.762263
v -1.701169 -0.342208 -1.762263
v -1.671324 -0.123761 -1.892767
v -1.671324 -0.123761 -1.892767
v -1.671323 -0.342208 -1.892767
v -1.671323 -0.342208 -1.892767
v -1.701170 -0.123761 -1.892767
v -1.701170 -0.123761 -1.892767
v -1.701169 -0.342208 -1.892767
v -1.701169 -0.342208 -1.892767
v -1.577023 -0.218061 -1.762263
v -1.577023 -0.218061 -1.762263
v -1.795470 -0.218061 -1.762263
v -1.795470 -0.218061 -1.762263
v -1.795470 -0.218061 -1.892767
v -1.795470 -0.218061 -1.892767
v -1.577023 -0.218061 -1.892767
v -1.577023 -0.218061 -1.892767
v -1.795470 -0.247908 -1.892767
v -1.795470 -0.247908 -1.892767
v -1.577023 -0.247907 -1.892767
v -1.577023 -0.247907 -1.892767
v -1.795470 -0.247908 -1.762263
v -1.795470 -0.247908 -1.762263
v -1.577023 -0.247907 -1.762263
v -1.577023 -0.247907 -1.762263
v -1.032718 -0.155825 -1.048587
v -1.032718 -0.155825 -1.048587
v -1.032718 0.104191 -1.046729
v -1.032718 0.104191 -1.046729
v -1.032718 0.120562 -1.747122
v -1.032718 0.120562 -1.747122
v -1.032718 -0.139455 -1.748980
v -1.032718 -0.139455 -1.748980
v -1.072443 0.120562 -1.747122
v -1.072443 0.120562 -1.747122
v -1.072443 -0.139455 -1.748980
v -1.072443 -0.139455 -1.748980
v -1.072443 0.104191 -1.046729
v -1.072443 0.104191 -1.046729
v -1.072443 -0.155825 -1.048587
v -1.072443 -0.155825 -1.048587
v -1.083989 -0.149095 -1.922835
v -1.059208 -0.142456 -1.922835
v -1.102129 -0.167236 -1.922835
v -1.108769 -0.192017 -1.922835
v -1.102129 -0.216797 -1.922835
v -1.083989 -0.234938 -1.922835
v -1.059208 -0.241578 -1.922835
v -1.034427 -0.234938 -1.922835
v -1.016286 -0.216797 -1.922835
v -1.009646 -0.192017 -1.922835
v -1.016286 -0.167236 -1.922835
v -1.034427 -0.149095 -1.922835
v -1.079032 -0.157681 -1.922835
v -1.059208 -0.152370 -1.922835
v -1.093544 -0.172193 -1.922835
v -1.098855 -0.192017 -1.922835
v -1.093544 -0.211840 -1.922835
v -1.079032 -0.226352 -1.922835
v -1.059208 -0.231664 -1.922835
v -1.039384 -0.226352 -1.922835
v -1.024872 -0.211840 -1.922835
v -1.019561 -0.192017 -1.922835
v -1.024872 -0.172193 -1.922835
v -1.039384 -0.157681 -1.922835
v -1.079032 -0.157681 -1.819469
v -1.059208 -0.152370 -1.819469
v -1.093544 -0.172193 -1.819469
v -1.098855 -0.192017 -1.819469
v -1.093544 -0.211840 -1.819469
v -1.079032 -0.226352 -1.819469
v -1.059208 -0.231664 -1.819469
v -1.039384 -0.226352 -1.819469
v -1.024872 -0.211840 -1.819469
v -1.019561 -0.192017 -1.819469
v -1.024872 -0.172193 -1.819469
v -1.039384 -0.157681 -1.819469
v -1.058733 -0.151032 -0.395171
v -1.066451 -0.048962 -0.395171
v -1.066451 -0.048962 -0.395171
v -1.066947 -0.341800 -0.395171
v -1.066947 -0.341800 -0.395171
v -1.058883 -0.239757 -0.395171
v -1.058870 -0.232240 -0.231854
v -1.066947 -0.341801 -0.338147
v -1.220874 -0.202864 -0.395171
v -1.220874 -0.202864 -0.395171
v -1.220874 -0.202864 -0.338147
v -1.090001 -0.150979 -0.395171
v -1.081938 -0.048936 -0.395171
v -1.081938 -0.048936 -0.395171
v -1.090014 -0.158496 -0.231854
v -1.081938 -0.048936 -0.338147
v -0.928010 -0.187872 -0.395171
v -0.928010 -0.187872 -0.395171
v -0.928010 -0.187872 -0.338147
v -1.066451 -0.048962 -0.338147
v -1.058746 -0.158549 -0.231854
v -1.082433 -0.341774 -0.395171
v -1.082433 -0.341774 -0.395171
v -1.090151 -0.239704 -0.395171
v -1.090138 -0.232187 -0.231854
v -1.082433 -0.341774 -0.338147
v -1.037570 -0.179796 -0.231854
v -1.111261 -0.179672 -0.231854
v -0.928036 -0.203359 -0.395171
v -0.928036 -0.203359 -0.395171
v -1.220849 -0.187377 -0.338147
v -1.220849 -0.187377 -0.395171
v -1.220849 -0.187377 -0.395171
v -0.928036 -0.203359 -0.338147
v -1.118778 -0.179659 -0.395171
v -1.030054 -0.179809 -0.395171
v -1.118831 -0.210927 -0.395171
v -1.030107 -0.211077 -0.395171
v -1.111315 -0.210940 -0.231854
v -1.037623 -0.211065 -0.231854
v -1.067693 -0.085134 -1.762263
v -1.067693 -0.085134 -1.762263
v -1.037847 -0.085134 -1.762263
v -1.037847 -0.085134 -1.762263
v -1.037846 -0.303582 -1.762263
v -1.037846 -0.303582 -1.762263
v -1.067693 -0.303582 -1.762263
v -1.067693 -0.303582 -1.762263
v -1.037847 -0.085134 -1.892767
v -1.037847 -0.085134 -1.892767
v -1.037846 -0.303582 -1.892767
v -1.037846 -0.303582 -1.892767
v -1.067693 -0.085134 -1.892767
v -1.067693 -0.085134 -1.892767
v -1.067693 -0.303582 -1.892767
v -1.067693 -0.303582 -1.892767
v -0.943546 -0.179434 -1.762263
v -0.943546 -0.179434 -1.762263
v -1.161994 -0.179435 -1.762263
v -1.161994 -0.179435 -1.762263
v -1.161994 -0.179434 -1.892767
v -1.161994 -0.179434 -1.892767
v -0.943546 -0.179434 -1.892767
v -0.943546 -0.179434 -1.892767
v -1.161994 -0.209281 -1.892767
v -1.161994 -0.209281 -1.892767
v -0.943546 -0.209281 -1.892767
v -0.943546 -0.209281 -1.892767
v -1.161994 -0.209281 -1.762263
v -1.161994 -0.209281 -1.762263
v -0.943546 -0.209281 -1.762263
v -0.943546 -0.209281 -1.762263
v 0.243542 0.045912 -2.475601
v 0.231107 0.150448 -2.475601
v 0.231107 0.150448 -2.475601
v 0.291589 0.105741 -0.721812
v 0.291590 0.105741 1.215727
v 0.440939 0.046539 1.215727
v 0.440939 0.046539 -0.721811
v 0.326170 -0.318852 1.215727
v 0.326170 -0.318852 -0.721811
v 0.192021 -0.266243 1.215727
v 0.192021 -0.266243 -0.721812
v -0.093624 -0.067126 -1.807981
v -0.086793 -0.140812 -2.826009
v 0.323222 -0.285845 -1.758495
v 0.005945 0.304858 -1.807981
v 0.437990 0.079546 -1.758495
v 0.047356 -0.193421 -2.826009
v 0.012775 0.231172 -2.826009
v 0.162124 0.171970 -2.826009
v 0.225101 0.045912 -2.475601
v 0.212666 0.150448 -2.475601
v 0.212666 0.150448 -2.475601
v 0.254125 0.150448 -1.826940
v 0.254125 0.150448 1.463860
v 0.254125 0.150448 1.463860
v 0.132011 -0.275127 1.463860
v 0.132011 -0.275127 1.463860
v 0.132011 -0.275127 -1.826940
v 0.266560 0.045912 1.463860
v 0.150452 -0.275127 1.463860
v 0.150452 -0.275127 1.463860
v 0.150452 -0.275127 -1.826940
v 0.220192 -0.145224 1.463860
v 0.285001 0.045912 1.463860
v 0.238633 -0.145224 1.463860
v 0.178733 -0.145224 -2.475601
v 0.090552 -0.275127 -2.475601
v 0.090552 -0.275127 -2.475601
v -0.380291 0.045912 -2.475601
v -0.367856 0.150448 -2.475601
v -0.367856 0.150448 -2.475601
v -0.428338 0.105741 -0.721812
v -0.428338 0.105741 1.215727
v -0.577687 0.046539 1.215727
v -0.577687 0.046539 -0.721811
v -0.462919 -0.318852 1.215727
v -0.462919 -0.318852 -0.721811
v -0.328769 -0.266243 1.215727
v -0.328769 -0.266243 -0.721812
v -0.043125 -0.067126 -1.807981
v -0.049955 -0.140812 -2.826009
v -0.459970 -0.285845 -1.758495
v -0.142693 0.304858 -1.807981
v -0.409314 0.150448 -1.826940
v -0.574739 0.079546 -1.758495
v -0.184104 -0.193421 -2.826009
v -0.149524 0.231172 -2.826009
v -0.298873 0.171970 -2.826009
v -0.245742 -0.275127 -2.475601
v -0.245742 -0.275127 -2.475601
v -0.227301 -0.275127 -2.475601
v -0.227301 -0.275127 -2.475601
v -0.361850 0.045912 -2.475601
v -0.349415 0.150448 -2.475601
v -0.349415 0.150448 -2.475601
v -0.390873 0.150448 -1.826940
v -0.390873 0.150448 1.463860
v -0.390873 0.150448 1.463860
v -0.268759 -0.275127 1.463860
v -0.268759 -0.275127 1.463860
v -0.268759 -0.275127 -1.826940
v -0.403308 0.045912 1.463860
v -0.287200 -0.275127 1.463860
v -0.287200 -0.275127 1.463860
v -0.287200 -0.275127 -1.826940
v -0.421749 0.045912 1.463860
v -0.409314 0.150448 1.463860
v -0.409314 0.150448 1.463860
v -0.356940 -0.145224 1.463860
v -0.375381 -0.145224 1.463860
v -0.315482 -0.145224 -2.475601
v -0.333923 -0.145224 -2.475601
v -0.068374 0.720392 1.577742
v -0.068374 0.570979 -1.304957
v 0.125995 0.663821 2.104363
v -0.068374 0.770282 2.104364
v -0.068374 0.756889 1.758948
v 0.053645 0.429743 -2.729654
v 0.053645 0.429743 -3.323075
v 0.018335 0.382582 -2.729654
v -0.068374 0.548915 -3.395248
v 0.009734 0.522880 -3.395248
v 0.042412 0.443542 -3.395248
v 0.042412 0.443542 -3.395248
v 0.016590 0.409052 -3.395248
v -0.262743 0.663821 2.104363
v -0.190393 0.429743 -2.729654
v -0.190393 0.429743 -3.323075
v -0.155084 0.382582 -2.729654
v -0.146482 0.522880 -3.395248
v -0.179161 0.443542 -3.395248
v -0.179161 0.443542 -3.395248
v -0.153339 0.409052 -3.395248
v -0.038220 0.517196 -1.154042
v -0.046578 0.517196 -1.467847
v -0.046578 0.517196 -1.467847
v -0.090170 0.517196 -1.467847
v -0.090170 0.517196 -1.467847
v -0.098528 0.517196 -1.154042
v -0.020645 0.593718 -1.154042
v -0.046578 0.593718 -1.467847
v -0.046578 0.593718 -1.467847
v -0.090170 0.593718 -1.467847
v -0.090170 0.593718 -1.467847
v -0.080953 0.593718 -1.154042
v -0.038220 0.556074 -1.103415
v -0.038220 0.632596 -1.103415
v -0.098528 0.632596 -1.103415
v -0.098528 0.556074 -1.103415
v -0.038220 0.556074 -0.989386
v -0.038220 0.556074 -0.989386
v -0.098528 0.556074 -0.989386
v -0.098528 0.556074 -0.989386
v -0.038220 0.632596 -0.989386
v -0.038220 0.632596 -0.989386
v -0.098528 0.632596 -0.989386
v -0.098528 0.632596 -0.989386
v 0.272566 0.150448 -1.826940
v 0.272566 0.150448 1.463860
v 0.272566 0.150448 1.463860
v 0.197174 -0.145224 -2.475601
v 0.108993 -0.275127 -2.475601
v 0.108993 -0.275127 -2.475601
vt 0.506425 0.370843
vt 0.487682 0.388915
vt 0.479964 0.376668
vt 0.505302 0.370546
vt 0.472986 0.285392
vt 0.411700 0.273184
vt 0.413456 0.067502
vt 0.464367 0.075308
vt 0.419917 0.394731
vt 0.483158 0.578394
vt 0.424993 0.589533
vt 0.419157 0.343862
vt 0.479660 0.343312
vt 0.472710 0.321451
vt 0.411476 0.321072
vt 0.519641 0.351454
vt 0.522365 0.353699
vt 0.513670 0.321512
vt 0.513965 0.291979
vt 0.034231 0.363258
vt 0.050573 0.350401
vt 0.083545 0.401074
vt 0.074678 0.403446
vt 0.042245 0.318275
vt 0.074650 0.271251
vt 0.424430 0.598514
vt 0.143477 0.457674
vt 0.146510 0.448331
vt 0.483861 0.583926
vt 0.425930 0.599969
vt 0.075331 0.405126
vt 0.140991 0.456378
vt 0.495138 0.378274
vt 0.137352 0.215877
vt 0.715150 0.212479
vt 0.654666 0.215743
vt 0.654951 0.220562
vt 0.715398 0.216675
vt 0.712443 0.052377
vt 0.693424 0.054088
vt 0.719335 0.212103
vt 0.464166 0.046966
vt 0.454544 0.058267
vt 0.651536 0.219419
vt 0.693840 0.034997
vt 0.464490 0.032126
vt 0.176570 0.631740
vt 0.098594 0.630554
vt 0.099503 0.601623
vt 0.177480 0.602809
vt 0.098527 0.634975
vt 0.069588 0.634538
vt 0.069655 0.630117
vt 0.099541 0.568257
vt 0.177518 0.569444
vt 0.177547 0.598388
vt 0.099570 0.597202
vt 0.176503 0.636161
vt 0.205510 0.632180
vt 0.205443 0.636601
vt 0.096822 0.538728
vt 0.266327 0.541931
vt 0.265707 0.545063
vt 0.096851 0.541719
vt 0.265325 0.548117
vt 0.096816 0.544680
vt 0.265163 0.551127
vt 0.096746 0.547553
vt 0.265212 0.554131
vt 0.096744 0.550520
vt 0.265471 0.557166
vt 0.096626 0.553569
vt 0.265951 0.560267
vt 0.096458 0.556463
vt 0.266664 0.563467
vt 0.096326 0.559369
vt 0.267626 0.566798
vt 0.096053 0.562470
vt 0.268912 0.570171
vt 0.095374 0.565669
vt 0.095970 0.529307
vt 0.269658 0.531945
vt 0.268318 0.535371
vt 0.096528 0.532591
vt 0.267212 0.538690
vt 0.096731 0.535701
vt 0.278869 0.545107
vt 0.277750 0.546605
vt 0.280422 0.543643
vt 0.282551 0.542283
vt 0.279958 0.559205
vt 0.281903 0.560584
vt 0.278500 0.557676
vt 0.277470 0.556107
vt 0.276790 0.554517
vt 0.276416 0.552918
vt 0.276325 0.551319
vt 0.276510 0.549727
vt 0.276977 0.548151
vt 0.283660 0.551558
vt 0.095536 0.538719
vt 0.095426 0.535735
vt 0.095180 0.532742
vt 0.094649 0.529885
vt 0.094216 0.565107
vt 0.094695 0.562256
vt 0.095054 0.559291
vt 0.095330 0.556404
vt 0.095355 0.553498
vt 0.095349 0.550479
vt 0.095603 0.547521
vt 0.095568 0.544632
vt 0.095582 0.541684
vt 0.080858 0.539172
vt 0.080744 0.536490
vt 0.080580 0.533819
vt 0.080365 0.531164
vt 0.079756 0.563509
vt 0.080073 0.560638
vt 0.080343 0.557955
vt 0.080563 0.555277
vt 0.080728 0.552595
vt 0.080843 0.549904
vt 0.080918 0.547221
vt 0.080946 0.544544
vt 0.080925 0.541861
vt 0.074651 0.540821
vt 0.073061 0.545027
vt 0.070956 0.544439
vt 0.072319 0.542135
vt 0.072242 0.549448
vt 0.070928 0.547116
vt 0.077328 0.540848
vt 0.075937 0.545830
vt 0.074546 0.550810
vt 0.079632 0.542211
vt 0.078813 0.546633
vt 0.077223 0.550839
vt 0.079555 0.549524
vt 0.023390 0.546674
vt 0.017096 0.545846
vt 0.018583 0.534549
vt 0.036717 0.536093
vt 0.050186 0.497989
vt 0.047500 0.500202
vt 0.042283 0.493871
vt 0.044969 0.491658
vt 0.044447 0.617690
vt 0.043117 0.618787
vt 0.031631 0.606233
vt 0.034317 0.604019
vt 0.041210 0.502004
vt 0.023077 0.500454
vt 0.024370 0.490663
vt 0.022325 0.500325
vt 0.018920 0.499605
vt 0.020965 0.489942
vt 0.019873 0.524756
vt 0.037788 0.527960
vt 0.024176 0.479010
vt 0.025863 0.479367
vt 0.027881 0.512580
vt 0.021588 0.511751
vt 0.019115 0.511257
vt 0.017428 0.510900
vt 0.060314 0.511662
vt 0.058984 0.512758
vt 0.023165 0.548383
vt 0.016871 0.547555
vt 0.027655 0.514289
vt 0.021362 0.513460
vt 0.032155 0.480198
vt 0.033486 0.479102
vt 0.050740 0.618520
vt 0.052231 0.607225
vt 0.038809 0.569926
vt 0.056725 0.573130
vt 0.055236 0.584427
vt 0.048942 0.583597
vt 0.055010 0.586136
vt 0.048717 0.585307
vt 0.053433 0.549502
vt 0.059727 0.550330
vt 0.059502 0.552039
vt 0.053208 0.551211
vt 0.029100 0.597689
vt 0.026414 0.599903
vt 0.016284 0.586232
vt 0.017614 0.585136
vt 0.057678 0.598286
vt 0.054275 0.597566
vt 0.057485 0.586641
vt 0.059170 0.586997
vt 0.053522 0.597433
vt 0.035389 0.595886
vt 0.052427 0.618877
vt 0.055636 0.607945
vt 0.039881 0.561792
vt 0.058015 0.563337
vt 0.111098 0.514349
vt 0.110877 0.528874
vt 0.107555 0.528824
vt 0.107776 0.514298
vt 0.138733 0.514769
vt 0.138513 0.529294
vt 0.135191 0.529244
vt 0.135411 0.514718
vt 0.111148 0.511027
vt 0.135462 0.511396
vt 0.111369 0.496502
vt 0.111419 0.493180
vt 0.135733 0.493549
vt 0.135682 0.496871
vt 0.089469 0.500907
vt 0.103994 0.501128
vt 0.103625 0.525441
vt 0.089100 0.525221
vt 0.107316 0.501178
vt 0.106947 0.525492
vt 0.071621 0.500636
vt 0.086147 0.500857
vt 0.085778 0.525170
vt 0.071252 0.524950
vt 0.085727 0.528492
vt 0.071202 0.528272
vt 0.071672 0.497314
vt 0.086197 0.497535
vt 0.368171 0.799677
vt 0.367511 0.783508
vt 0.479686 0.763998
vt 0.481327 0.780157
vt 0.243076 0.670324
vt 0.024140 0.669507
vt 0.024086 0.685099
vt 0.243025 0.685943
vt 0.024024 0.703912
vt 0.243095 0.704873
vt 0.023970 0.719029
vt 0.243361 0.719918
vt 0.023891 0.734738
vt 0.243951 0.736365
vt 0.024200 0.651404
vt 0.243069 0.652113
vt 0.242748 0.763812
vt 0.242509 0.780061
vt 0.023606 0.778663
vt 0.023711 0.762275
vt 0.355395 0.712980
vt 0.367020 0.756999
vt 0.476648 0.736675
vt 0.474054 0.720152
vt 0.243139 0.750511
vt 0.023799 0.748790
vt 0.354830 0.682025
vt 0.354334 0.699168
vt 0.472498 0.705380
vt 0.473714 0.686589
vt 0.367121 0.770390
vt 0.478302 0.750846
vt 0.356186 0.667563
vt 0.369321 0.615415
vt 0.481966 0.653339
vt 0.476582 0.671255
vt 0.377971 0.903907
vt 0.054744 0.903119
vt 0.056102 0.892951
vt 0.377589 0.892584
vt 0.056390 0.938047
vt 0.377129 0.942648
vt 0.376887 0.945900
vt 0.056372 0.943542
vt 0.378075 0.925173
vt 0.054382 0.922610
vt 0.052740 0.921951
vt 0.052970 0.902867
vt 0.475340 0.901090
vt 0.475416 0.930350
vt 0.473326 0.885832
vt 0.054853 0.937275
vt 0.472183 0.953153
vt 0.417208 0.867452
vt 0.490061 0.866784
vt 0.489864 0.854986
vt 0.417128 0.855666
vt 0.474462 0.952042
vt 0.477872 0.929400
vt 0.054422 0.892919
vt 0.471745 0.955776
vt 0.623524 0.235491
vt 0.621174 0.318530
vt 0.616483 0.319433
vt 0.623106 0.235304
vt 0.619808 0.853820
vt 0.619807 0.880659
vt 0.600510 0.883771
vt 0.600755 0.855524
vt 0.622134 0.234418
vt 0.610115 0.317795
vt 0.607302 0.316325
vt 0.622287 0.233658
vt 0.575754 0.857202
vt 0.583481 0.891264
vt 0.556100 0.902905
vt 0.542715 0.863960
vt 0.619807 0.977258
vt 0.604133 0.976737
vt 0.589802 0.964372
vt 0.580435 0.951034
vt 0.618331 0.764638
vt 0.605158 0.765589
vt 0.583930 0.768938
vt 0.568427 0.773164
vt 0.619808 0.822439
vt 0.600311 0.823772
vt 0.574262 0.824161
vt 0.549195 0.827357
vt 0.619808 0.802197
vt 0.602984 0.801838
vt 0.575280 0.804220
vt 0.554994 0.807922
vt 0.623592 0.234098
vt 0.623589 0.234222
vt 0.623666 0.234039
vt 0.623623 0.234005
vt 0.623684 0.233846
vt 0.623949 0.235357
vt 0.625832 0.319751
vt 0.638861 0.855524
vt 0.639105 0.883771
vt 0.624952 0.234622
vt 0.624835 0.233832
vt 0.635043 0.317274
vt 0.632214 0.318546
vt 0.663861 0.857203
vt 0.696900 0.863961
vt 0.683515 0.902906
vt 0.656134 0.891264
vt 0.635481 0.976738
vt 0.659178 0.951035
vt 0.649811 0.964373
vt 0.631475 0.765477
vt 0.667922 0.773164
vt 0.652580 0.768979
vt 0.639305 0.823773
vt 0.665353 0.824162
vt 0.690421 0.827358
vt 0.636632 0.801838
vt 0.664336 0.804220
vt 0.684623 0.807922
vt 0.623688 0.234081
vt 0.623710 0.234216
vt 0.853221 0.106160
vt 0.853221 0.178175
vt 0.836352 0.177875
vt 0.836919 0.105767
vt 0.853221 0.548752
vt 0.853228 0.698097
vt 0.834726 0.697987
vt 0.833095 0.548894
vt 0.848028 0.824332
vt 0.840405 0.859752
vt 0.827016 0.857119
vt 0.831991 0.822773
vt 0.815106 0.177134
vt 0.820598 0.104725
vt 0.816183 0.698410
vt 0.812913 0.549247
vt 0.813736 0.856046
vt 0.816316 0.822401
vt 0.793692 0.176069
vt 0.804194 0.102986
vt 0.797681 0.699278
vt 0.792654 0.549757
vt 0.800614 0.856335
vt 0.800825 0.823044
vt 0.772037 0.174553
vt 0.787638 0.100508
vt 0.779194 0.700469
vt 0.772283 0.550370
vt 0.787603 0.857778
vt 0.785345 0.824506
vt 0.749992 0.172458
vt 0.770911 0.097106
vt 0.760692 0.701858
vt 0.751760 0.551046
vt 0.774590 0.860197
vt 0.769696 0.826588
vt 0.731966 0.170306
vt 0.754100 0.092526
vt 0.742155 0.703350
vt 0.731081 0.551774
vt 0.761438 0.863468
vt 0.753679 0.829114
vt 0.853220 0.042130
vt 0.839184 0.041886
vt 0.825201 0.040967
vt 0.811315 0.039348
vt 0.797569 0.036980
vt 0.784011 0.033799
vt 0.770644 0.029722
vt 0.831143 0.890370
vt 0.821544 0.887777
vt 0.811200 0.886431
vt 0.800873 0.886430
vt 0.790640 0.887641
vt 0.780535 0.889954
vt 0.771191 0.893068
vt 0.802180 0.959844
vt 0.869522 0.105767
vt 0.870089 0.177875
vt 0.873347 0.548893
vt 0.871728 0.697984
vt 0.858444 0.824305
vt 0.874478 0.822744
vt 0.879456 0.857081
vt 0.866071 0.859715
vt 0.885843 0.104725
vt 0.891334 0.177134
vt 0.893530 0.549246
vt 0.890268 0.698405
vt 0.890150 0.822370
vt 0.892732 0.856006
vt 0.902247 0.102986
vt 0.912749 0.176069
vt 0.913788 0.549756
vt 0.908768 0.699271
vt 0.905636 0.823011
vt 0.905851 0.856294
vt 0.918803 0.100508
vt 0.934404 0.174553
vt 0.934159 0.550368
vt 0.927254 0.700460
vt 0.921113 0.824471
vt 0.918858 0.857735
vt 0.935530 0.097106
vt 0.956449 0.172458
vt 0.954681 0.551044
vt 0.945753 0.701848
vt 0.936759 0.826552
vt 0.931868 0.860152
vt 0.952341 0.092526
vt 0.974476 0.170306
vt 0.975360 0.551772
vt 0.964287 0.703338
vt 0.952772 0.829076
vt 0.945017 0.863421
vt 0.867257 0.041886
vt 0.881240 0.040967
vt 0.895126 0.039348
vt 0.908873 0.036980
vt 0.922431 0.033799
vt 0.935797 0.029722
vt 0.884931 0.887730
vt 0.875335 0.890323
vt 0.895271 0.886383
vt 0.905596 0.886380
vt 0.915825 0.887590
vt 0.925928 0.889901
vt 0.935269 0.893013
vt 0.904298 0.959772
vt 0.417243 0.833694
vt 0.489962 0.832865
vt 0.048919 0.865875
vt 0.048970 0.854093
vt 0.049067 0.832001
vt 0.417511 0.816125
vt 0.049150 0.814372
vt 0.490385 0.815266
vt 0.478005 0.900737
vt 0.475842 0.885788
vt 0.056103 0.887344
vt 0.377393 0.889320
vt 0.472989 0.883166
usemtl None
s 1
f 21/1 18/2 20/3 22/4
f 1075/5 23/6 1089/7 1092/8
f 24/9 1077/3 28/10 30/11
f 16/12 12/13 1077/3 24/9
f 10/14 15/15 23/6 1075/5
f 1083/16 1084/17 1079/1 1081/4
f 12/13 14/16 1082/4 1077/3
f 13/18 10/14 1075/5 1080/19
f 1086/20 1087/21 1088/22 1085/23
f 11/21 16/12 24/9 19/22
f 15/15 9/24 17/25 23/6
f 29/26 25/27 27/28 30/11
f 26/29 29/30 30/11 28/10
f 1085/31 1088/22 27/28 25/32
f 1078/3 1076/33 1093/29 1094/10
f 19/22 24/9 30/11 1091/28
f 23/6 17/25 1090/34 1089/7
f 43/1 44/4 42/3 40/2
f 1095/5 1112/8 1109/7 45/6
f 46/9 52/11 50/10 1097/3
f 38/12 46/9 1097/3 34/13
f 32/14 1095/5 45/6 37/15
f 1103/16 1101/4 1099/1 1104/17
f 34/13 1097/3 1102/4 36/16
f 35/18 1100/19 1095/5 32/14
f 1106/20 1105/23 1108/22 1107/21
f 33/21 41/22 46/9 38/12
f 37/15 45/6 39/25 31/24
f 51/26 52/11 49/28 47/27
f 48/29 50/10 52/11 51/30
f 1105/31 47/32 49/28 1108/22
f 1098/3 1114/10 1113/29 1096/33
f 41/22 1111/28 52/11 46/9
f 45/6 1109/7 1110/34 39/25
f 8/35 5/36 4/37 7/38
f 1061/39 1067/40 1070/35 1/41
f 7/36 4/42 1063/43 6/44
f 1073/42 1065/40 1071/35 1072/36
f 1074/42 2/40 3/45 1066/46
f 1064/42 1069/36 1068/35 1062/40
f 57/47 58/48 54/49 53/50
f 1119/48 59/51 55/52 1121/53
f 1123/54 60/55 56/56 1125/57
f 1127/58 1117/47 1115/59 1129/60
f 1116/50 1122/49 1126/57 1130/56
f 1128/58 1124/51 1120/48 1118/47
f 61/61 62/62 64/63 63/64
f 63/64 64/63 66/65 65/66
f 65/66 66/65 68/67 67/68
f 67/68 68/67 70/69 69/70
f 69/70 70/69 72/71 71/72
f 71/72 72/71 74/73 73/74
f 73/74 74/73 76/75 75/76
f 75/76 76/75 78/77 77/78
f 77/78 78/77 80/79 79/80
f 79/81 80/82 82/83 81/84
f 81/84 82/83 84/85 83/86
f 83/86 84/85 62/62 61/61
f 62/62 84/85 96/87 85/88
f 84/85 82/83 95/89 96/87
f 82/83 80/82 94/90 95/89
f 80/79 78/77 93/91 94/92
f 78/77 76/75 92/93 93/91
f 76/75 74/73 91/94 92/93
f 74/73 72/71 90/95 91/94
f 72/71 70/69 89/96 90/95
f 70/69 68/67 88/97 89/96
f 68/67 66/65 87/98 88/97
f 66/65 64/63 86/99 87/98
f 64/63 62/62 85/88 86/99
f 85/88 96/87 97/100
f 96/87 95/89 97/100
f 95/89 94/90 97/100
f 94/92 93/91 97/100
f 93/91 92/93 97/100
f 92/93 91/94 97/100
f 91/94 90/95 97/100
f 90/95 89/96 97/100
f 89/96 88/97 97/100
f 88/97 87/98 97/100
f 87/98 86/99 97/100
f 86/99 85/88 97/100
f 1142/86 1132/61 98/101 109/102
f 1141/84 1142/86 109/102 108/103
f 1140/81 1141/84 108/103 107/104
f 1139/78 1140/80 107/105 106/106
f 1138/76 1139/78 106/106 105/107
f 1137/74 1138/76 105/107 104/108
f 1136/72 1137/74 104/108 103/109
f 1135/70 1136/72 103/109 102/110
f 1134/68 1135/70 102/110 101/111
f 1133/66 1134/68 101/111 100/112
f 1131/64 1133/66 100/112 99/113
f 1132/61 1131/64 99/113 98/101
f 1154/102 1144/101 110/114 121/115
f 1153/103 1154/102 121/115 120/116
f 1152/104 1153/103 120/116 119/117
f 1151/106 1152/105 119/118 118/119
f 1150/107 1151/106 118/119 117/120
f 1149/108 1150/107 117/120 116/121
f 1148/109 1149/108 116/121 115/122
f 1147/110 1148/109 115/122 114/123
f 1146/111 1147/110 114/123 113/124
f 1145/112 1146/111 113/124 112/125
f 1143/113 1145/112 112/125 111/126
f 1144/101 1143/113 111/126 110/114
f 1166/127 122/128 1164/129 1165/130
f 122/128 1162/131 1163/132 1164/129
f 1156/133 123/134 122/128 1166/127
f 123/134 1161/135 1162/131 122/128
f 1155/136 124/137 123/134 1156/133
f 124/137 1160/138 1161/135 123/134
f 1157/125 1158/124 124/137 1155/136
f 1158/124 1159/139 1160/138 124/137
f 140/140 139/141 129/142 132/143
f 131/144 1187/145 1173/146 1191/147
f 1177/148 145/149 1194/150 1205/151
f 126/152 128/153 1172/154 125/146
f 1167/155 130/156 1190/157 127/154
f 1178/158 1181/159 132/143 129/142
f 1188/160 138/161 127/154 1190/157
f 128/153 126/152 144/162 143/163
f 130/156 1167/155 1168/164 142/165
f 1187/145 131/144 141/166 1186/167
f 1174/168 1170/169 1189/141 1192/140
f 141/170 1179/171 1169/163 1186/162
f 1181/159 1178/158 1180/171 1182/170
f 1171/161 137/172 125/146 1172/154
f 1174/172 1192/173 1191/147 1173/146
f 147/174 148/148 156/151 1203/175
f 150/176 151/177 135/178 1185/179
f 136/179 1183/178 134/180 133/181
f 1177/182 1175/183 146/184 145/185
f 1206/186 1193/187 136/188 133/189
f 1202/190 153/191 1195/192 1184/193
f 1204/194 155/195 1200/181 1196/180
f 1198/196 1176/174 154/175 1201/197
f 151/177 150/176 149/198 152/199
f 153/191 1202/190 1201/197 154/175
f 155/195 1204/194 1203/175 156/151
f 1193/187 1206/186 1205/151 1194/150
f 1197/185 1199/184 152/199 149/198
f 157/200 158/201 159/202 160/203
f 164/204 163/205 162/206 161/207
f 1211/200 1213/208 1207/209 1209/207
f 1217/201 1212/200 1210/207 1215/206
f 1221/210 1218/211 1216/212 1219/213
f 1214/208 1222/210 1220/213 1208/209
f 169/214 170/215 166/216 165/217
f 1227/215 171/218 167/219 1229/216
f 1231/220 172/221 168/222 1233/223
f 1235/221 1225/214 1223/217 1237/222
f 1224/224 1230/225 1234/223 1238/222
f 1236/221 1232/220 1228/226 1226/227
f 177/47 178/48 174/49 173/50
f 1243/48 179/51 175/52 1245/53
f 1247/54 180/55 176/56 1249/57
f 1251/58 1241/47 1239/59 1253/60
f 1240/50 1246/49 1250/57 1254/56
f 1252/58 1248/51 1244/48 1242/47
f 181/61 182/62 184/63 183/64
f 183/64 184/63 186/65 185/66
f 185/66 186/65 188/67 187/68
f 187/68 188/67 190/69 189/70
f 189/70 190/69 192/71 191/72
f 191/72 192/71 194/73 193/74
f 193/74 194/73 196/75 195/76
f 195/76 196/75 198/77 197/78
f 197/78 198/77 200/79 199/80
f 199/81 200/82 202/83 201/84
f 201/84 202/83 204/85 203/86
f 203/86 204/85 182/62 181/61
f 182/62 204/85 216/87 205/88
f 204/85 202/83 215/89 216/87
f 202/83 200/82 214/90 215/89
f 200/79 198/77 213/91 214/92
f 198/77 196/75 212/93 213/91
f 196/75 194/73 211/94 212/93
f 194/73 192/71 210/95 211/94
f 192/71 190/69 209/96 210/95
f 190/69 188/67 208/97 209/96
f 188/67 186/65 207/98 208/97
f 186/65 184/63 206/99 207/98
f 184/63 182/62 205/88 206/99
f 205/88 216/87 217/100
f 216/87 215/89 217/100
f 215/89 214/90 217/100
f 214/92 213/91 217/100
f 213/91 212/93 217/100
f 212/93 211/94 217/100
f 211/94 210/95 217/100
f 210/95 209/96 217/100
f 209/96 208/97 217/100
f 208/97 207/98 217/100
f 207/98 206/99 217/100
f 206/99 205/88 217/100
f 1266/86 1256/61 218/101 229/102
f 1265/84 1266/86 229/102 228/103
f 1264/81 1265/84 228/103 227/104
f 1263/78 1264/80 227/105 226/106
f 1262/76 1263/78 226/106 225/107
f 1261/74 1262/76 225/107 224/108
f 1260/72 1261/74 224/108 223/109
f 1259/70 1260/72 223/109 222/110
f 1258/68 1259/70 222/110 221/111
f 1257/66 1258/68 221/111 220/112
f 1255/64 1257/66 220/112 219/113
f 1256/61 1255/64 219/113 218/101
f 1278/102 1268/101 230/114 241/115
f 1277/103 1278/102 241/115 240/116
f 1276/104 1277/103 240/116 239/117
f 1275/106 1276/105 239/118 238/119
f 1274/107 1275/106 238/119 237/120
f 1273/108 1274/107 237/120 236/121
f 1272/109 1273/108 236/121 235/122
f 1271/110 1272/109 235/122 234/123
f 1270/111 1271/110 234/123 233/124
f 1269/112 1270/111 233/124 232/125
f 1267/113 1269/112 232/125 231/126
f 1268/101 1267/113 231/126 230/114
f 1290/127 242/128 1288/129 1289/130
f 242/128 1286/131 1287/132 1288/129
f 1280/133 243/134 242/128 1290/127
f 243/134 1285/135 1286/131 242/128
f 1279/136 244/137 243/134 1280/133
f 244/137 1284/138 1285/135 243/134
f 1281/125 1282/124 244/137 1279/136
f 1282/124 1283/139 1284/138 244/137
f 260/140 259/141 249/142 252/143
f 251/144 1311/145 1297/146 1315/147
f 1301/148 265/149 1318/150 1329/151
f 246/152 248/153 1296/154 245/146
f 1291/155 250/156 1314/157 247/154
f 1302/158 1305/159 252/143 249/142
f 1312/160 258/161 247/154 1314/157
f 248/153 246/152 264/162 263/163
f 250/156 1291/155 1292/164 262/165
f 1311/145 251/144 261/166 1310/167
f 1298/168 1294/169 1313/141 1316/140
f 261/170 1303/171 1293/163 1310/162
f 1305/159 1302/158 1304/171 1306/170
f 1295/161 257/172 245/146 1296/154
f 1298/172 1316/173 1315/147 1297/146
f 267/174 268/148 276/151 1327/175
f 270/176 271/177 255/178 1309/179
f 256/179 1307/178 254/180 253/181
f 1301/182 1299/183 266/184 265/185
f 1330/186 1317/187 256/188 253/189
f 1326/190 273/191 1319/192 1308/193
f 1328/194 275/195 1324/181 1320/180
f 1322/196 1300/174 274/175 1325/197
f 271/177 270/176 269/198 272/199
f 273/191 1326/190 1325/197 274/175
f 275/195 1328/194 1327/175 276/151
f 1317/187 1330/186 1329/151 1318/150
f 1321/185 1323/184 272/199 269/198
f 277/200 278/201 279/202 280/203
f 284/204 283/205 282/206 281/207
f 1335/200 1337/208 1331/209 1333/207
f 1341/201 1336/200 1334/207 1339/206
f 1345/210 1342/211 1340/212 1343/213
f 1338/208 1346/210 1344/213 1332/209
f 289/214 290/215 286/216 285/217
f 1351/215 291/218 287/219 1353/216
f 1355/220 292/221 288/222 1357/223
f 1359/221 1349/214 1347/217 1361/222
f 1348/224 1354/225 1358/223 1362/222
f 1360/221 1356/220 1352/226 1350/227
f 297/47 298/48 294/49 293/50
f 1367/48 299/51 295/52 1369/53
f 1371/54 300/55 296/56 1373/57
f 1375/58 1365/47 1363/59 1377/60
f 1364/50 1370/49 1374/57 1378/56
f 1376/58 1372/51 1368/48 1366/47
f 301/61 302/62 304/63 303/64
f 303/64 304/63 306/65 305/66
f 305/66 306/65 308/67 307/68
f 307/68 308/67 310/69 309/70
f 309/70 310/69 312/71 311/72
f 311/72 312/71 314/73 313/74
f 313/74 314/73 316/75 315/76
f 315/76 316/75 318/77 317/78
f 317/78 318/77 320/79 319/80
f 319/81 320/82 322/83 321/84
f 321/84 322/83 324/85 323/86
f 323/86 324/85 302/62 301/61
f 302/62 324/85 336/87 325/88
f 324/85 322/83 335/89 336/87
f 322/83 320/82 334/90 335/89
f 320/79 318/77 333/91 334/92
f 318/77 316/75 332/93 333/91
f 316/75 314/73 331/94 332/93
f 314/73 312/71 330/95 331/94
f 312/71 310/69 329/96 330/95
f 310/69 308/67 328/97 329/96
f 308/67 306/65 327/98 328/97
f 306/65 304/63 326/99 327/98
f 304/63 302/62 325/88 326/99
f 325/88 336/87 337/100
f 336/87 335/89 337/100
f 335/89 334/90 337/100
f 334/92 333/91 337/100
f 333/91 332/93 337/100
f 332/93 331/94 337/100
f 331/94 330/95 337/100
f 330/95 329/96 337/100
f 329/96 328/97 337/100
f 328/97 327/98 337/100
f 327/98 326/99 337/100
f 326/99 325/88 337/100
f 1390/86 1380/61 338/101 349/102
f 1389/84 1390/86 349/102 348/103
f 1388/81 1389/84 348/103 347/104
f 1387/78 1388/80 347/105 346/106
f 1386/76 1387/78 346/106 345/107
f 1385/74 1386/76 345/107 344/108
f 1384/72 1385/74 344/108 343/109
f 1383/70 1384/72 343/109 342/110
f 1382/68 1383/70 342/110 341/111
f 1381/66 1382/68 341/111 340/112
f 1379/64 1381/66 340/112 339/113
f 1380/61 1379/64 339/113 338/101
f 1402/102 1392/101 350/114 361/115
f 1401/103 1402/102 361/115 360/116
f 1400/104 1401/103 360/116 359/117
f 1399/106 1400/105 359/118 358/119
f 1398/107 1399/106 358/119 357/120
f 1397/108 1398/107 357/120 356/121
f 1396/109 1397/108 356/121 355/122
f 1395/110 1396/109 355/122 354/123
f 1394/111 1395/110 354/123 353/124
f 1393/112 1394/111 353/124 352/125
f 1391/113 1393/112 352/125 351/126
f 1392/101 1391/113 351/126 350/114
f 1414/127 362/128 1412/129 1413/130
f 362/128 1410/131 1411/132 1412/129
f 1404/133 363/134 362/128 1414/127
f 363/134 1409/135 1410/131 362/128
f 1403/136 364/137 363/134 1404/133
f 364/137 1408/138 1409/135 363/134
f 1405/125 1406/124 364/137 1403/136
f 1406/124 1407/139 1408/138 364/137
f 380/140 379/141 369/142 372/143
f 371/144 1435/145 1421/146 1439/147
f 1425/148 385/149 1442/150 1453/151
f 366/152 368/153 1420/154 365/146
f 1415/155 370/156 1438/157 367/154
f 1426/158 1429/159 372/143 369/142
f 1436/160 378/161 367/154 1438/157
f 368/153 366/152 384/162 383/163
f 370/156 1415/155 1416/164 382/165
f 1435/145 371/144 381/166 1434/167
f 1422/168 1418/169 1437/141 1440/140
f 381/170 1427/171 1417/163 1434/162
f 1429/159 1426/158 1428/171 1430/170
f 1419/161 377/172 365/146 1420/154
f 1422/172 1440/173 1439/147 1421/146
f 387/174 388/148 396/151 1451/175
f 390/176 391/177 375/178 1433/179
f 376/179 1431/178 374/180 373/181
f 1425/182 1423/183 386/184 385/185
f 1454/186 1441/187 376/188 373/189
f 1450/190 393/191 1443/192 1432/193
f 1452/194 395/195 1448/181 1444/180
f 1446/196 1424/174 394/175 1449/197
f 391/177 390/176 389/198 392/199
f 393/191 1450/190 1449/197 394/175
f 395/195 1452/194 1451/175 396/151
f 1441/187 1454/186 1453/151 1442/150
f 1445/185 1447/184 392/199 389/198
f 397/200 398/201 399/202 400/203
f 404/204 403/205 402/206 401/207
f 1459/200 1461/208 1455/209 1457/207
f 1465/201 1460/200 1458/207 1463/206
f 1469/210 1466/211 1464/212 1467/213
f 1462/208 1470/210 1468/213 1456/209
f 409/214 410/215 406/216 405/217
f 1475/215 411/218 407/219 1477/216
f 1479/220 412/221 408/222 1481/223
f 1483/221 1473/214 1471/217 1485/222
f 1472/224 1478/225 1482/223 1486/222
f 1484/221 1480/220 1476/226 1474/227
f 417/47 413/50 414/49 418/48
f 1491/48 1493/53 415/52 419/51
f 1495/54 1497/57 416/56 420/55
f 1499/58 1501/60 1487/59 1489/47
f 1488/50 1502/56 1498/57 1494/49
f 1500/58 1490/47 1492/48 1496/51
f 421/61 423/64 424/63 422/62
f 423/64 425/66 426/65 424/63
f 425/66 427/68 428/67 426/65
f 427/68 429/70 430/69 428/67
f 429/70 431/72 432/71 430/69
f 431/72 433/74 434/73 432/71
f 433/74 435/76 436/75 434/73
f 435/76 437/78 438/77 436/75
f 437/78 439/80 440/79 438/77
f 439/81 441/84 442/83 440/82
f 441/84 443/86 444/85 442/83
f 443/86 421/61 422/62 444/85
f 422/62 445/88 456/87 444/85
f 444/85 456/87 455/89 442/83
f 442/83 455/89 454/90 440/82
f 440/79 454/92 453/91 438/77
f 438/77 453/91 452/93 436/75
f 436/75 452/93 451/94 434/73
f 434/73 451/94 450/95 432/71
f 432/71 450/95 449/96 430/69
f 430/69 449/96 448/97 428/67
f 428/67 448/97 447/98 426/65
f 426/65 447/98 446/99 424/63
f 424/63 446/99 445/88 422/62
f 445/88 457/100 456/87
f 456/87 457/100 455/89
f 455/89 457/100 454/90
f 454/92 457/100 453/91
f 453/91 457/100 452/93
f 452/93 457/100 451/94
f 451/94 457/100 450/95
f 450/95 457/100 449/96
f 449/96 457/100 448/97
f 448/97 457/100 447/98
f 447/98 457/100 446/99
f 446/99 457/100 445/88
f 1514/86 469/102 458/101 1504/61
f 1513/84 468/103 469/102 1514/86
f 1512/81 467/104 468/103 1513/84
f 1511/78 466/106 467/105 1512/80
f 1510/76 465/107 466/106 1511/78
f 1509/74 464/108 465/107 1510/76
f 1508/72 463/109 464/108 1509/74
f 1507/70 462/110 463/109 1508/72
f 1506/68 461/111 462/110 1507/70
f 1505/66 460/112 461/111 1506/68
f 1503/64 459/113 460/112 1505/66
f 1504/61 458/101 459/113 1503/64
f 1526/102 481/115 470/114 1516/101
f 1525/103 480/116 481/115 1526/102
f 1524/104 479/117 480/116 1525/103
f 1523/106 478/119 479/118 1524/105
f 1522/107 477/120 478/119 1523/106
f 1521/108 476/121 477/120 1522/107
f 1520/109 475/122 476/121 1521/108
f 1519/110 474/123 475/122 1520/109
f 1518/111 473/124 474/123 1519/110
f 1517/112 472/125 473/124 1518/111
f 1515/113 471/126 472/125 1517/112
f 1516/101 470/114 471/126 1515/113
f 1538/127 1537/130 1536/129 482/128
f 482/128 1536/129 1535/132 1534/131
f 1528/133 1538/127 482/128 483/134
f 483/134 482/128 1534/131 1533/135
f 1527/136 1528/133 483/134 484/137
f 484/137 483/134 1533/135 1532/138
f 1529/125 1527/136 484/137 1530/124
f 1530/124 484/137 1532/138 1531/139
f 500/140 492/143 489/142 499/141
f 491/144 1563/147 1545/146 1559/145
f 1549/148 1577/151 1566/150 505/149
f 486/152 485/146 1544/154 488/153
f 1539/155 487/154 1562/157 490/156
f 1550/158 489/142 492/143 1553/159
f 1560/160 1562/157 487/154 498/161
f 488/153 503/163 504/162 486/152
f 490/156 502/165 1540/164 1539/155
f 1559/145 1558/167 501/166 491/144
f 1546/168 1564/140 1561/141 1542/169
f 501/170 1558/162 1541/163 1551/171
f 1553/159 1554/170 1552/171 1550/158
f 1543/161 1544/154 485/146 497/172
f 1546/172 1545/146 1563/147 1564/173
f 507/174 1575/175 516/151 508/148
f 510/176 1557/179 495/178 511/177
f 496/179 493/181 494/180 1555/178
f 1549/182 505/185 506/184 1547/183
f 1578/186 493/189 496/188 1565/187
f 1574/190 1556/193 1567/192 513/191
f 1576/194 1568/180 1572/181 515/195
f 1570/196 1573/197 514/175 1548/174
f 511/177 512/199 509/198 510/176
f 513/191 514/175 1573/197 1574/190
f 515/195 516/151 1575/175 1576/194
f 1565/187 1566/150 1577/151 1578/186
f 1569/185 509/198 512/199 1571/184
f 517/200 520/203 519/202 518/201
f 524/204 521/207 522/206 523/205
f 1583/200 1581/207 1579/209 1585/208
f 1589/201 1587/206 1582/207 1584/200
f 1593/210 1591/213 1588/212 1590/211
f 1586/208 1580/209 1592/213 1594/210
f 529/214 525/217 526/216 530/215
f 1599/215 1601/216 527/219 531/218
f 1603/220 1605/223 528/222 532/221
f 1607/221 1609/222 1595/217 1597/214
f 1596/224 1610/222 1606/223 1602/225
f 1608/221 1598/227 1600/226 1604/220
f 537/47 533/50 534/49 538/48
f 1615/48 1617/53 535/52 539/51
f 1619/54 1621/57 536/56 540/55
f 1623/58 1625/60 1611/59 1613/47
f 1612/50 1626/56 1622/57 1618/49
f 1624/58 1614/47 1616/48 1620/51
f 541/61 543/64 544/63 542/62
f 543/64 545/66 546/65 544/63
f 545/66 547/68 548/67 546/65
f 547/68 549/70 550/69 548/67
f 549/70 551/72 552/71 550/69
f 551/72 553/74 554/73 552/71
f 553/74 555/76 556/75 554/73
f 555/76 557/78 558/77 556/75
f 557/78 559/80 560/79 558/77
f 559/81 561/84 562/83 560/82
f 561/84 563/86 564/85 562/83
f 563/86 541/61 542/62 564/85
f 542/62 565/88 576/87 564/85
f 564/85 576/87 575/89 562/83
f 562/83 575/89 574/90 560/82
f 560/79 574/92 573/91 558/77
f 558/77 573/91 572/93 556/75
f 556/75 572/93 571/94 554/73
f 554/73 571/94 570/95 552/71
f 552/71 570/95 569/96 550/69
f 550/69 569/96 568/97 548/67
f 548/67 568/97 567/98 546/65
f 546/65 567/98 566/99 544/63
f 544/63 566/99 565/88 542/62
f 565/88 577/100 576/87
f 576/87 577/100 575/89
f 575/89 577/100 574/90
f 574/92 577/100 573/91
f 573/91 577/100 572/93
f 572/93 577/100 571/94
f 571/94 577/100 570/95
f 570/95 577/100 569/96
f 569/96 577/100 568/97
f 568/97 577/100 567/98
f 567/98 577/100 566/99
f 566/99 577/100 565/88
f 1638/86 589/102 578/101 1628/61
f 1637/84 588/103 589/102 1638/86
f 1636/81 587/104 588/103 1637/84
f 1635/78 586/106 587/105 1636/80
f 1634/76 585/107 586/106 1635/78
f 1633/74 584/108 585/107 1634/76
f 1632/72 583/109 584/108 1633/74
f 1631/70 582/110 583/109 1632/72
f 1630/68 581/111 582/110 1631/70
f 1629/66 580/112 581/111 1630/68
f 1627/64 579/113 580/112 1629/66
f 1628/61 578/101 579/113 1627/64
f 1650/102 601/115 590/114 1640/101
f 1649/103 600/116 601/115 1650/102
f 1648/104 599/117 600/116 1649/103
f 1647/106 598/119 599/118 1648/105
f 1646/107 597/120 598/119 1647/106
f 1645/108 596/121 597/120 1646/107
f 1644/109 595/122 596/121 1645/108
f 1643/110 594/123 595/122 1644/109
f 1642/111 593/124 594/123 1643/110
f 1641/112 592/125 593/124 1642/111
f 1639/113 591/126 592/125 1641/112
f 1640/101 590/114 591/126 1639/113
f 1662/127 1661/130 1660/129 602/128
f 602/128 1660/129 1659/132 1658/131
f 1652/133 1662/127 602/128 603/134
f 603/134 602/128 1658/131 1657/135
f 1651/136 1652/133 603/134 604/137
f 604/137 603/134 1657/135 1656/138
f 1653/125 1651/136 604/137 1654/124
f 1654/124 604/137 1656/138 1655/139
f 620/140 612/143 609/142 619/141
f 611/144 1687/147 1669/146 1683/145
f 1673/148 1701/151 1690/150 625/149
f 606/152 605/146 1668/154 608/153
f 1663/155 607/154 1686/157 610/156
f 1674/158 609/142 612/143 1677/159
f 1684/160 1686/157 607/154 618/161
f 608/153 623/163 624/162 606/152
f 610/156 622/165 1664/164 1663/155
f 1683/145 1682/167 621/166 611/144
f 1670/168 1688/140 1685/141 1666/169
f 621/170 1682/162 1665/163 1675/171
f 1677/159 1678/170 1676/171 1674/158
f 1667/161 1668/154 605/146 617/172
f 1670/172 1669/146 1687/147 1688/173
f 627/174 1699/175 636/151 628/148
f 630/176 1681/179 615/178 631/177
f 616/179 613/181 614/180 1679/178
f 1673/182 625/185 626/184 1671/183
f 1702/186 613/189 616/188 1689/187
f 1698/190 1680/193 1691/192 633/191
f 1700/194 1692/180 1696/181 635/195
f 1694/196 1697/197 634/175 1672/174
f 631/177 632/199 629/198 630/176
f 633/191 634/175 1697/197 1698/190
f 635/195 636/151 1699/175 1700/194
f 1689/187 1690/150 1701/151 1702/186
f 1693/185 629/198 632/199 1695/184
f 637/200 640/203 639/202 638/201
f 644/204 641/207 642/206 643/205
f 1707/200 1705/207 1703/209 1709/208
f 1713/201 1711/206 1706/207 1708/200
f 1717/210 1715/213 1712/212 1714/211
f 1710/208 1704/209 1716/213 1718/210
f 649/214 645/217 646/216 650/215
f 1723/215 1725/216 647/219 651/218
f 1727/220 1729/223 648/222 652/221
f 1731/221 1733/222 1719/217 1721/214
f 1720/224 1734/222 1730/223 1726/225
f 1732/221 1722/227 1724/226 1728/220
f 657/47 653/50 654/49 658/48
f 1739/48 1741/53 655/52 659/51
f 1743/54 1745/57 656/56 660/55
f 1747/58 1749/60 1735/59 1737/47
f 1736/50 1750/56 1746/57 1742/49
f 1748/58 1738/47 1740/48 1744/51
f 661/61 663/64 664/63 662/62
f 663/64 665/66 666/65 664/63
f 665/66 667/68 668/67 666/65
f 667/68 669/70 670/69 668/67
f 669/70 671/72 672/71 670/69
f 671/72 673/74 674/73 672/71
f 673/74 675/76 676/75 674/73
f 675/76 677/78 678/77 676/75
f 677/78 679/80 680/79 678/77
f 679/81 681/84 682/83 680/82
f 681/84 683/86 684/85 682/83
f 683/86 661/61 662/62 684/85
f 662/62 685/88 696/87 684/85
f 684/85 696/87 695/89 682/83
f 682/83 695/89 694/90 680/82
f 680/79 694/92 693/91 678/77
f 678/77 693/91 692/93 676/75
f 676/75 692/93 691/94 674/73
f 674/73 691/94 690/95 672/71
f 672/71 690/95 689/96 670/69
f 670/69 689/96 688/97 668/67
f 668/67 688/97 687/98 666/65
f 666/65 687/98 686/99 664/63
f 664/63 686/99 685/88 662/62
f 685/88 697/100 696/87
f 696/87 697/100 695/89
f 695/89 697/100 694/90
f 694/92 697/100 693/91
f 693/91 697/100 692/93
f 692/93 697/100 691/94
f 691/94 697/100 690/95
f 690/95 697/100 689/96
f 689/96 697/100 688/97
f 688/97 697/100 687/98
f 687/98 697/100 686/99
f 686/99 697/100 685/88
f 1762/86 709/102 698/101 1752/61
f 1761/84 708/103 709/102 1762/86
f 1760/81 707/104 708/103 1761/84
f 1759/78 706/106 707/105 1760/80
f 1758/76 705/107 706/106 1759/78
f 1757/74 704/108 705/107 1758/76
f 1756/72 703/109 704/108 1757/74
f 1755/70 702/110 703/109 1756/72
f 1754/68 701/111 702/110 1755/70
f 1753/66 700/112 701/111 1754/68
f 1751/64 699/113 700/112 1753/66
f 1752/61 698/101 699/113 1751/64
f 1774/102 721/115 710/114 1764/101
f 1773/103 720/116 721/115 1774/102
f 1772/104 719/117 720/116 1773/103
f 1771/106 718/119 719/118 1772/105
f 1770/107 717/120 718/119 1771/106
f 1769/108 716/121 717/120 1770/107
f 1768/109 715/122 716/121 1769/108
f 1767/110 714/123 715/122 1768/109
f 1766/111 713/124 714/123 1767/110
f 1765/112 712/125 713/124 1766/111
f 1763/113 711/126 712/125 1765/112
f 1764/101 710/114 711/126 1763/113
f 1786/127 1785/130 1784/129 722/128
f 722/128 1784/129 1783/132 1782/131
f 1776/133 1786/127 722/128 723/134
f 723/134 722/128 1782/131 1781/135
f 1775/136 1776/133 723/134 724/137
f 724/137 723/134 1781/135 1780/138
f 1777/125 1775/136 724/137 1778/124
f 1778/124 724/137 1780/138 1779/139
f 740/140 732/143 729/142 739/141
f 731/144 1811/147 1793/146 1807/145
f 1797/148 1825/151 1814/150 745/149
f 726/152 725/146 1792/154 728/153
f 1787/155 727/154 1810/157 730/156
f 1798/158 729/142 732/143 1801/159
f 1808/160 1810/157 727/154 738/161
f 728/153 743/163 744/162 726/152
f 730/156 742/165 1788/164 1787/155
f 1807/145 1806/167 741/166 731/144
f 1794/168 1812/140 1809/141 1790/169
f 741/170 1806/162 1789/163 1799/171
f 1801/159 1802/170 1800/171 1798/158
f 1791/161 1792/154 725/146 737/172
f 1794/172 1793/146 1811/147 1812/173
f 747/174 1823/175 756/151 748/148
f 750/176 1805/179 735/178 751/177
f 736/179 733/181 734/180 1803/178
f 1797/182 745/185 746/184 1795/183
f 1826/186 733/189 736/188 1813/187
f 1822/190 1804/193 1815/192 753/191
f 1824/194 1816/180 1820/181 755/195
f 1818/196 1821/197 754/175 1796/174
f 751/177 752/199 749/198 750/176
f 753/191 754/175 1821/197 1822/190
f 755/195 756/151 1823/175 1824/194
f 1813/187 1814/150 1825/151 1826/186
f 1817/185 749/198 752/199 1819/184
f 757/200 760/203 759/202 758/201
f 764/204 761/207 762/206 763/205
f 1831/200 1829/207 1827/209 1833/208
f 1837/201 1835/206 1830/207 1832/200
f 1841/210 1839/213 1836/212 1838/211
f 1834/208 1828/209 1840/213 1842/210
f 769/214 765/217 766/216 770/215
f 1847/215 1849/216 767/219 771/218
f 1851/220 1853/223 768/222 772/221
f 1855/221 1857/222 1843/217 1845/214
f 1844/224 1858/222 1854/223 1850/225
f 1856/221 1846/227 1848/226 1852/220
f 805/228 806/229 801/230 1876/231
f 781/232 782/233 784/234 783/235
f 783/235 784/234 786/236 785/237
f 785/237 786/236 788/238 787/239
f 1867/239 1866/238 790/240 789/241
f 1864/233 780/242 779/243 1865/232
f 794/244 1862/245 1863/246 796/247
f 804/248 803/249 1871/250 774/251
f 1869/241 795/252 797/253 1868/240
f 795/252 794/244 796/247 797/253
f 807/254 808/255 775/256 776/257
f 809/258 1870/249 773/250 802/259
f 806/229 809/258 802/259 801/230
f 808/255 1872/248 1875/251 775/256
f 810/260 1873/261 778/262 777/263
f 1874/260 807/254 776/257 1877/263
f 1862/245 794/244 806/229 805/228
f 1867/239 789/241 803/249 804/248
f 783/235 785/237 808/255 807/254
f 795/252 1869/241 1870/249 809/258
f 794/244 795/252 809/258 806/229
f 785/237 787/239 1872/248 808/255
f 1865/232 779/243 1873/261 810/260
f 781/232 783/235 807/254 1874/260
f 820/264 822/265 813/266 812/267
f 815/268 814/269 817/270 818/271
f 819/272 821/273 822/265 820/264
f 1887/265 1891/273 823/274 824/275
f 819/272 820/264 827/276 826/277
f 820/264 812/267 811/278 827/276
f 1891/273 1884/268 1888/279 823/274
f 1886/269 1885/268 821/273 819/272
f 1886/269 819/272 826/277 825/280
f 860/228 1915/231 856/230 861/229
f 837/232 839/235 840/234 838/233
f 839/235 841/237 842/236 840/234
f 841/237 843/239 844/238 842/236
f 1905/239 845/241 846/240 1904/238
f 1902/233 1903/232 835/243 836/242
f 850/244 852/247 1901/246 1900/245
f 859/248 830/251 1909/250 858/249
f 1907/241 1906/240 853/253 851/252
f 851/252 853/253 852/247 850/244
f 862/254 832/257 831/256 863/255
f 864/258 857/259 829/250 1908/249
f 861/229 856/230 857/259 864/258
f 863/255 831/256 1914/251 1910/248
f 865/260 833/263 834/262 1911/261
f 847/281 854/282 855/283 849/284
f 1913/260 1916/263 832/257 862/254
f 1900/245 860/228 861/229 850/244
f 1905/239 859/248 858/249 845/241
f 839/235 862/254 863/255 841/237
f 851/252 864/258 1908/249 1907/241
f 850/244 861/229 864/258 851/252
f 841/237 863/255 1910/248 843/239
f 1903/232 865/260 1911/261 835/243
f 837/232 1913/260 862/254 839/235
f 880/280 881/285 884/286 882/277
f 875/264 867/267 868/266 877/265
f 870/268 873/271 872/270 869/269
f 874/272 875/264 877/265 876/273
f 1925/266 871/287 879/275 1930/265
f 1930/265 879/275 878/274 1937/273
f 874/272 1939/277 883/276 875/264
f 875/264 883/276 866/278 867/267
f 1937/273 878/274 1931/279 1927/268
f 1929/269 874/272 876/273 1928/268
f 872/270 1917/288 1919/280 869/269
f 1929/269 1920/280 1939/277 874/272
f 923/289 912/290 886/291 891/292
f 929/293 913/294 885/295 895/296
f 900/297 897/298 888/299 892/300
f 902/301 898/302 887/303 896/304
f 913/294 918/305 889/306 885/295
f 898/302 899/307 890/308 887/303
f 912/290 924/309 893/310 886/291
f 897/298 901/311 894/312 888/299
f 938/313 929/293 895/296 903/314
f 905/315 902/301 896/304 904/316
f 891/292 886/291 897/298 1946/297
f 1943/296 885/295 898/302 902/301
f 885/295 889/306 899/307 898/302
f 886/291 893/310 901/311 897/298
f 903/314 1943/296 902/301 905/315
f 924/317 938/313 903/314 893/318
f 901/319 905/315 904/316 894/320
f 893/318 903/314 905/315 901/319
f 891/292 1946/297 1947/321 906/321
f 900/297 892/300 907/322 908/321
f 923/289 891/292 906/321 942/323
f 906/321 1947/321 1951/321 909/324
f 908/321 907/322 910/321 911/321
f 942/323 906/321 909/324 946/325
f 923/289 921/326 915/327 1942/290
f 1944/293 927/328 914/329 913/294
f 933/330 922/331 917/332 930/333
f 935/334 928/335 916/336 931/337
f 913/294 914/329 919/338 918/305
f 931/337 916/336 920/339 932/340
f 1942/290 915/327 925/341 1941/309
f 930/333 917/332 926/342 934/343
f 1945/313 936/344 927/328 1944/293
f 939/345 937/346 928/335 935/334
f 921/326 1955/330 930/333 915/327
f 1954/328 935/334 931/337 914/329
f 914/329 931/337 932/340 919/338
f 915/327 930/333 934/343 925/341
f 936/344 939/345 935/334 1954/328
f 1941/317 925/347 936/344 1945/313
f 934/348 926/349 937/346 939/345
f 925/347 934/348 939/345 936/344
f 921/326 940/350 1956/350 1955/330
f 933/330 943/350 941/351 922/331
f 923/289 942/323 940/350 921/326
f 940/350 944/323 1959/350 1956/350
f 943/350 947/350 945/351 941/351
f 942/323 946/325 944/323 940/350
f 1029/352 995/353 955/354 973/355
f 1030/356 996/357 954/358 978/359
f 1016/360 997/361 953/362 968/363
f 973/355 955/354 958/364 974/365
f 978/359 954/358 957/366 979/367
f 968/363 953/362 956/368 969/369
f 974/365 958/364 961/370 975/371
f 979/367 957/366 960/372 980/373
f 969/369 956/368 959/374 970/375
f 975/371 961/370 964/376 976/377
f 980/373 960/372 963/378 981/379
f 970/375 959/374 962/380 971/381
f 976/377 964/376 967/382 977/383
f 981/379 963/378 966/384 982/385
f 971/381 962/380 965/386 972/387
f 977/383 967/382 1015/388 1028/389
f 982/385 966/384 1014/390 1036/391
f 972/387 965/386 1013/392 1022/393
f 996/357 1016/360 968/363 954/358
f 954/358 968/363 969/369 957/366
f 957/366 969/369 970/375 960/372
f 960/372 970/375 971/381 963/378
f 963/378 971/381 972/387 966/384
f 966/384 972/387 1022/393 1014/390
f 988/394 1029/352 973/355 948/395
f 948/395 973/355 974/365 949/396
f 949/396 974/365 975/371 950/397
f 950/397 975/371 976/377 951/398
f 951/398 976/377 977/383 952/399
f 952/399 977/383 1028/389 994/400
f 995/353 1030/356 978/359 955/354
f 955/354 978/359 979/367 958/364
f 958/364 979/367 980/373 961/370
f 961/370 980/373 981/379 964/376
f 964/376 981/379 982/385 967/382
f 967/382 982/385 1036/391 1015/388
f 997/361 1037/401 983/402 953/362
f 953/362 983/402 984/403 956/368
f 956/368 984/403 985/404 959/374
f 959/374 985/404 986/405 962/380
f 962/380 986/405 987/406 965/386
f 965/386 987/406 1043/407 1013/392
f 1037/401 1044/408 983/402
f 983/402 1044/408 984/403
f 984/403 1044/408 985/404
f 985/404 1044/408 986/405
f 986/405 1044/408 987/406
f 987/406 1044/408 1043/407
f 1029/352 1023/409 1000/410 995/353
f 1030/356 1031/411 999/412 996/357
f 1016/413 1017/414 998/415 997/416
f 1023/409 1024/417 1003/418 1000/410
f 1031/411 1032/419 1002/420 999/412
f 1017/414 1018/421 1001/422 998/415
f 1024/417 1025/423 1006/424 1003/418
f 1032/419 1033/425 1005/426 1002/420
f 1018/421 1019/427 1004/428 1001/422
f 1025/423 1026/429 1009/430 1006/424
f 1033/425 1034/431 1008/432 1005/426
f 1019/427 1020/433 1007/434 1004/428
f 1026/429 1027/435 1012/436 1009/430
f 1034/431 1035/437 1011/438 1008/432
f 1020/433 1021/439 1010/440 1007/434
f 1027/435 1028/441 1015/442 1012/436
f 1035/437 1036/443 1014/444 1011/438
f 1021/439 1022/445 1013/446 1010/440
f 996/357 999/412 1017/414 1016/413
f 999/412 1002/420 1018/421 1017/414
f 1002/420 1005/426 1019/427 1018/421
f 1005/426 1008/432 1020/433 1019/427
f 1008/432 1011/438 1021/439 1020/433
f 1011/438 1014/444 1022/445 1021/439
f 988/394 989/447 1023/409 1029/352
f 989/447 990/448 1024/417 1023/409
f 990/448 991/449 1025/423 1024/417
f 991/449 992/450 1026/429 1025/423
f 992/450 993/451 1027/435 1026/429
f 993/451 994/452 1028/441 1027/435
f 995/353 1000/410 1031/411 1030/356
f 1000/410 1003/418 1032/419 1031/411
f 1003/418 1006/424 1033/425 1032/419
f 1006/424 1009/430 1034/431 1033/425
f 1009/430 1012/436 1035/437 1034/431
f 1012/436 1015/442 1036/443 1035/437
f 997/416 998/415 1038/453 1037/454
f 998/415 1001/422 1039/455 1038/453
f 1001/422 1004/428 1040/456 1039/455
f 1004/428 1007/434 1041/457 1040/456
f 1007/434 1010/440 1042/458 1041/457
f 1010/440 1013/446 1043/459 1042/458
f 1037/454 1038/453 1044/460
f 1038/453 1039/455 1044/460
f 1039/455 1040/456 1044/460
f 1040/456 1041/457 1044/460
f 1041/457 1042/458 1044/460
f 1042/458 1043/459 1044/460
f 910/321 907/322 941/351 945/351
f 907/322 1948/300 1957/331 941/351
f 1953/321 1961/351 1960/350 1952/321
f 1950/324 1952/321 1960/350 1958/323
f 1950/324 1958/323 1949/325
f 1045/291 1046/310 1048/341 1047/327
f 1049/291 1051/327 1052/341 1050/310
f 1962/310 1968/310 1975/310 1974/310
f 1965/327 1967/341 1973/341 1971/327
f 1963/291 1966/327 1972/327 1969/291
f 1962/310 1964/291 1970/291 1968/310
f 1974/310 1975/310 1982/310 1978/310
f 1973/341 1967/341 1977/341 1976/341
f 1050/310 1052/341 1056/341 1055/310
f 1048/341 1046/310 1053/310 1054/341
f 1058/341 1057/310 1059/310 1060/341
f 1976/341 1977/341 1980/341 1984/341
f 1055/310 1056/341 1985/341 1983/310
f 1054/341 1053/310 1979/310 1981/341
f 793/284 792/461 1989/462 800/283
f 793/284 1986/281 791/463 1892/464
f 792/461 793/284 1892/464 1893/465
f 1986/281 793/284 800/283 798/282
f 1890/466 792/461 1893/465 1889/467
f 792/461 1890/466 799/468 1989/462
f 1894/277 1878/276 1859/469 828/286
f 1895/280 1894/277 828/286 1990/285
f 1878/276 1879/278 1860/470 1859/469
f 1881/267 1882/266 1987/471 816/472
f 1883/266 1887/265 824/275 1988/287
f 1881/267 816/472 1861/473 1880/278
f 817/270 814/269 1896/280 1991/288
f 849/284 855/283 1940/462 848/461
f 849/284 1934/464 1935/463 847/281
f 848/461 1938/465 1934/464 849/284
f 1933/466 1932/467 1938/465 848/461
f 848/461 1940/462 1918/468 1933/466
f 882/277 884/286 1897/469 1921/276
f 1921/276 1897/469 1898/470 1922/278
f 1924/267 1912/472 1936/471 1926/266
f 1924/267 1923/278 1899/473 1912/472
